catalog_rank,source,model_type,gamma,ecut_keV,photon_flux_0p1_10_MeV_ph_cm2_s,energy_flux_0p1_10_MeV_erg_cm2_s,n_trials,n_valid,n_failed,classification_status,median_ts_3mo,approx_local_sigma_3mo,gain,sigma_3mo_uncut,sigma_3mo_fov_est,sigma_2yr_uncut_approx,sigma_2yr_fov_est,ts_3mo_fov_est,ts_2yr_fov_est,interpretation,target_median_ts,fov_max_offaxis_deg,nominal_trial_duration_months,random_seed,n_realizations_configured,model_sha256
1,Cen_A,Cutoff_powerlaw,1.765,549.9999999999998,0.0025557420139138806,9.801594363248202e-10,20,20,0,complete,115.19638288021088,10.732957788056883,1.9302633701979337,10.732957788056883,20.71743527216684,30.35738893649596,58.597755878970155,429.21212425642267,3433.6969940513814,count-based estimate; no cut refit,25.0,60.0,3.0,20260919,20,bdebfd28993eaf5b5cf3aa5f97cf51aa0f7f7b9ea0f3e6c3c73202ce1502020e
2,NGC_4151,Powerlaw,1.86,,0.0018409713044020169,1.6724479498766987e-09,20,20,0,complete,94.93691098690033,9.743557409226895,1.7224794912892727,9.743557409226895,16.783077809592967,27.558942067779064,47.469712513378624,281.67170076285186,2253.373606102815,count-based estimate; no cut refit,25.0,60.0,3.0,20260919,20,bdebfd28993eaf5b5cf3aa5f97cf51aa0f7f7b9ea0f3e6c3c73202ce1502020e
3,NGC_2110,Cutoff_powerlaw,1.64,300.0000000000001,0.0006251292925523527,2.0834233191170062e-10,20,20,0,complete,37.28704488277435,6.106311888756941,1.4598415552299997,6.106311888756941,8.91424784440237,17.271258178320274,25.21330039981792,79.4638146314323,635.7105170514584,count-based estimate; no cut refit,25.0,60.0,3.0,20260919,20,bdebfd28993eaf5b5cf3aa5f97cf51aa0f7f7b9ea0f3e6c3c73202ce1502020e
4,Circinus_Galaxy,Powerlaw,2.06,,0.0006182034867766348,4.2567788328052085e-10,20,20,0,complete,4.105714321136475,2.0262562328433376,1.4625248416603123,2.0262562328433376,2.963450076102423,5.731118090660129,8.381902578079256,8.782036353551456,70.25629082841165,count-based estimate; no cut refit,25.0,60.0,3.0,20260919,20,bdebfd28993eaf5b5cf3aa5f97cf51aa0f7f7b9ea0f3e6c3c73202ce1502020e
5,NGC_4945,Powerlaw,1.49,,0.0015567615999836002,2.535157738753377e-09,20,20,0,complete,74.86146426200867,8.65225197633591,1.6299400027463253,8.65225197633591,14.10265161007085,24.47226418000732,39.888322344769925,198.88478243503394,1591.0782594802715,count-based estimate; no cut refit,25.0,60.0,3.0,20260919,20,bdebfd28993eaf5b5cf3aa5f97cf51aa0f7f7b9ea0f3e6c3c73202ce1502020e
6,IC_4329A,Powerlaw,2.01,,0.000632230699986795,4.648992219556579e-10,20,20,0,complete,8.108782887458801,2.847592472152362,1.7882246471868417,2.847592472152362,5.0921350438465645,8.054207788458802,14.402732880886253,25.929839304770255,207.43871443816204,count-based estimate; no cut refit,25.0,60.0,3.0,20260919,20,bdebfd28993eaf5b5cf3aa5f97cf51aa0f7f7b9ea0f3e6c3c73202ce1502020e
7,NGC_4388,Cutoff_powerlaw,1.64,209.99999999999991,0.000401849087841208,1.2042946353718564e-10,20,20,0,complete,4.530154824256897,2.1284160364592486,1.861966110695056,2.1284160364592486,3.963038529347014,6.020069650266115,11.209165672819346,15.705674385088942,125.64539508071154,count-based estimate; no cut refit,25.0,60.0,3.0,20260919,20,bdebfd28993eaf5b5cf3aa5f97cf51aa0f7f7b9ea0f3e6c3c73202ce1502020e
8,NGC_5506,Cutoff_powerlaw,1.79,109.99999999999997,0.00020906210418948713,5.172465372986135e-11,20,20,0,complete,0.5704901218414307,0.7553079649000338,1.982222487320543,0.7553079649000338,1.4971884328771623,2.136333535460099,4.234688374406007,2.241573203541173,17.932585628329385,count-based estimate; no cut refit,25.0,60.0,3.0,20260919,20,bdebfd28993eaf5b5cf3aa5f97cf51aa0f7f7b9ea0f3e6c3c73202ce1502020e
9,BAT_4C_50_55,Powerlaw,1.99,,0.0005115554079416239,3.864505479189523e-10,20,20,0,complete,8.921557307243347,2.9868976057513836,1.7316028473174927,2.9868976057513836,5.172120398764898,8.448222206946665,14.628965628319719,26.750829419319967,214.00663535455973,count-based estimate; no cut refit,25.0,60.0,3.0,20260919,20,bdebfd28993eaf5b5cf3aa5f97cf51aa0f7f7b9ea0f3e6c3c73202ce1502020e
10,MCG_05_23_016,Cutoff_powerlaw,1.93,150.00000000000003,0.000201186708537353,5.237659771429172e-11,20,20,0,complete,1.9544274806976318,1.3980083979353028,1.5995266916746627,1.3980083979353028,2.2361517476828503,3.9541648733431765,6.324792258194773,5.000374638665066,40.002997109320525,count-based estimate; no cut refit,25.0,60.0,3.0,20260919,20,bdebfd28993eaf5b5cf3aa5f97cf51aa0f7f7b9ea0f3e6c3c73202ce1502020e
11,NGC_4507,Cutoff_powerlaw,1.41,79.99999999999999,0.00019746951366394921,4.731570297995636e-11,20,20,0,complete,0.5164656639099121,0.718655455632191,1.978135379747894,0.718655455632191,1.42159778263488,2.0326645840569215,4.020885728883533,2.0209402555924076,16.16752204473926,count-based estimate; no cut refit,25.0,60.0,3.0,20260919,20,bdebfd28993eaf5b5cf3aa5f97cf51aa0f7f7b9ea0f3e6c3c73202ce1502020e
12,NGC_7172,Powerlaw,1.87,,0.0005020736241634846,4.4945347220960294e-10,20,20,0,complete,15.386886596679688,3.9226122159448398,1.4866815360871315,3.9226122159448398,5.831675154675021,11.094822791439146,16.494468190191263,34.00843510965393,272.06748087723145,count-based estimate; no cut refit,25.0,60.0,3.0,20260919,20,bdebfd28993eaf5b5cf3aa5f97cf51aa0f7f7b9ea0f3e6c3c73202ce1502020e
13,NGC_3783,Powerlaw,1.98,,0.0004048662855654923,3.100526913040349e-10,20,20,0,complete,2.988576889038086,1.7287500944434062,1.6664277870765858,1.7287500944434062,2.880837194291764,4.889643659031268,8.148238062312537,8.299222940014843,66.39378352011875,count-based estimate; no cut refit,25.0,60.0,3.0,20260919,20,bdebfd28993eaf5b5cf3aa5f97cf51aa0f7f7b9ea0f3e6c3c73202ce1502020e
14,Mrk_3,Cutoff_powerlaw,1.52,150.00000000000003,0.00025512475731880827,7.115371271711832e-11,20,19,1,inconclusive_fit_failures,1.2450599670410156,1.1158225517711209,1.6096048918306203,1.1158225517711209,,3.1560227718329483,,,,inconclusive: inspect trials/FOV status,25.0,60.0,3.0,20260919,20,bdebfd28993eaf5b5cf3aa5f97cf51aa0f7f7b9ea0f3e6c3c73202ce1502020e
15,Mrk_348,Powerlaw,1.83,,0.00047855648630779773,4.5457847089546107e-10,20,20,0,complete,12.669025659561157,3.5593574784729274,1.40693692714583,3.5593574784729274,5.007791473376231,10.067383238781032,14.16417323837002,25.07797544081968,200.62380352655745,count-based estimate; no cut refit,25.0,60.0,3.0,20260919,20,bdebfd28993eaf5b5cf3aa5f97cf51aa0f7f7b9ea0f3e6c3c73202ce1502020e
16,Cygnus_A,Cutoff_powerlaw,1.58,130.00000000000006,0.00019149511407455356,5.0829568490505725e-11,20,20,0,complete,0.793082594871521,0.8905518485026691,1.829311632807507,0.8905518485026691,1.6290968560841612,2.518861004297809,4.6077817365871825,2.6539565665032985,21.231652532026388,count-based estimate; no cut refit,25.0,60.0,3.0,20260919,20,bdebfd28993eaf5b5cf3aa5f97cf51aa0f7f7b9ea0f3e6c3c73202ce1502020e
17,MCG_08_11_011,Powerlaw,2.07,,0.00028135447367160676,1.912626357314301e-10,20,20,0,complete,3.80160915851593,1.949771565726593,1.543433701339998,1.949771565726593,3.0093431444568783,5.514786783559945,8.511707777450827,9.056146161089613,72.4491692887169,count-based estimate; no cut refit,25.0,60.0,3.0,20260919,20,bdebfd28993eaf5b5cf3aa5f97cf51aa0f7f7b9ea0f3e6c3c73202ce1502020e
18,BAT_3C_111_0,Powerlaw,1.97,,0.00028922903957214635,2.2455889112068137e-10,20,20,0,complete,4.483128905296326,2.117340054241719,1.4222103716012668,2.117340054241719,3.011302985349362,5.988742041728848,8.517251044591315,9.067945669573978,72.54356535659183,count-based estimate; no cut refit,25.0,60.0,3.0,20260919,20,bdebfd28993eaf5b5cf3aa5f97cf51aa0f7f7b9ea0f3e6c3c73202ce1502020e
19,NGC_3227,Powerlaw,2.0,,0.0002647168785478198,1.9728883878912848e-10,20,20,0,complete,4.264414191246033,2.065045808510318,1.5699184826123662,2.065045808510318,3.2419535822215453,5.84083157863401,9.169629449123498,10.510263029279109,84.08210423423287,count-based estimate; no cut refit,25.0,60.0,3.0,20260919,20,bdebfd28993eaf5b5cf3aa5f97cf51aa0f7f7b9ea0f3e6c3c73202ce1502020e
20,BAT_4U_1344_60,Powerlaw,1.99,,0.00026553966583073524,2.0059987200098837e-10,20,20,0,complete,1.814819574356079,1.3471523946295307,1.6246486077574065,1.3471523946295307,2.188649262371923,3.8103223741369487,6.190434940248489,4.790185593681163,38.321484749449304,count-based estimate; no cut refit,25.0,60.0,3.0,20260919,20,bdebfd28993eaf5b5cf3aa5f97cf51aa0f7f7b9ea0f3e6c3c73202ce1502020e
21,ESO_103_035,Powerlaw,2.18,,0.00019082900641524735,1.1343469745883393e-10,20,19,1,inconclusive_fit_failures,0.5375065803527832,0.7331484026803736,1.7152903716929342,0.7331484026803736,,2.0736568286055115,,,,inconclusive: inspect trials/FOV status,25.0,60.0,3.0,20260919,20,bdebfd28993eaf5b5cf3aa5f97cf51aa0f7f7b9ea0f3e6c3c73202ce1502020e
22,AX_J1737_4_2907,Powerlaw,2.21,,0.00018045169786691555,1.0364556709765124e-10,20,20,0,complete,0.7201448678970337,0.8486134973573268,1.8076561792821901,0.8486134973573268,1.5340014323202424,2.4002414343511926,4.338811260574081,2.3531603943605552,18.825283154884442,count-based estimate; no cut refit,25.0,60.0,3.0,20260919,20,bdebfd28993eaf5b5cf3aa5f97cf51aa0f7f7b9ea0f3e6c3c73202ce1502020e
23,Mrk_926,Powerlaw,1.92,,0.0002854057816652487,2.3767487078449184e-10,20,20,0,complete,6.4894163608551025,2.54743328879386,1.429565491820329,2.54743328879386,3.641722722374073,7.2052294125059495,10.300347328767367,13.262144386655631,106.09715509324505,count-based estimate; no cut refit,25.0,60.0,3.0,20260919,20,bdebfd28993eaf5b5cf3aa5f97cf51aa0f7f7b9ea0f3e6c3c73202ce1502020e
24,BAT_3C_120,Powerlaw,1.97,,0.00025402625409353796,1.9722727019102138e-10,20,20,0,complete,3.4773170948028564,1.8647565778950497,1.410729539856035,1.8647565778950497,2.630667189077398,5.274328085967241,7.4406504337663275,6.9204098596883785,55.36327887750703,count-based estimate; no cut refit,25.0,60.0,3.0,20260919,20,bdebfd28993eaf5b5cf3aa5f97cf51aa0f7f7b9ea0f3e6c3c73202ce1502020e
25,MR_2251_178,Powerlaw,2.02,,0.00023397448669280972,1.6976854740027853e-10,20,20,0,complete,2.7828561067581177,1.6681894696820616,1.4416921491100763,1.6681894696820616,2.4050156616687297,4.718352345264705,6.802411532903242,5.784100332871878,46.272802662975025,count-based estimate; no cut refit,25.0,60.0,3.0,20260919,20,bdebfd28993eaf5b5cf3aa5f97cf51aa0f7f7b9ea0f3e6c3c73202ce1502020e
26,NGC_6300,Cutoff_powerlaw,1.85,209.99999999999991,0.00013473571118489781,3.85601448160018e-11,20,20,0,complete,0.15651094913482666,0.3956146472703288,1.9201824774895988,0.3956146472703288,0.7596523135267137,1.1189671992862944,2.1486212089551544,0.5770716374464885,4.616573099571908,count-based estimate; no cut refit,25.0,60.0,3.0,20260919,20,bdebfd28993eaf5b5cf3aa5f97cf51aa0f7f7b9ea0f3e6c3c73202ce1502020e
27,Mrk_509,Powerlaw,2.08,,0.00021092414235974642,1.4157105531400637e-10,20,20,0,complete,3.504207134246826,1.8719527596194372,1.572899843335625,1.8719527596194372,2.9443942023371035,5.294681961551101,8.328004427835687,8.669457218756348,69.35565775005078,count-based estimate; no cut refit,25.0,60.0,3.0,20260919,20,bdebfd28993eaf5b5cf3aa5f97cf51aa0f7f7b9ea0f3e6c3c73202ce1502020e
28,NGC_3516,Powerlaw,1.86,,0.00029989698339731954,2.724442764847823e-10,20,20,0,complete,1.8440512418746948,1.3579584831189409,1.425423953054584,1.3579584831189409,1.9356665490914073,3.840886607932804,5.47489177191399,3.7468049892714377,29.9744399141715,count-based estimate; no cut refit,25.0,60.0,3.0,20260919,20,bdebfd28993eaf5b5cf3aa5f97cf51aa0f7f7b9ea0f3e6c3c73202ce1502020e
29,BAT_3C_390_3,Powerlaw,1.96,,0.0002536222234867265,1.9965559049126547e-10,20,19,1,inconclusive_fit_failures,0.3912220001220703,0.6254774177554856,0.9995281052968774,0.6254774177554856,,1.7691172942958198,,,,inconclusive: inspect trials/FOV status,25.0,60.0,3.0,20260919,20,bdebfd28993eaf5b5cf3aa5f97cf51aa0f7f7b9ea0f3e6c3c73202ce1502020e
30,IRAS_05078_1626,Powerlaw,2.11,,0.0001967247352161718,1.2717345853249995e-10,20,20,0,complete,2.583107113838196,1.6072047516847987,1.4232103059868515,1.6072047516847987,2.287390366428844,4.5458615146862495,6.46971695729047,5.232154688431481,41.85723750745185,count-based estimate; no cut refit,25.0,60.0,3.0,20260919,20,bdebfd28993eaf5b5cf3aa5f97cf51aa0f7f7b9ea0f3e6c3c73202ce1502020e
31,NGC_5548,Powerlaw,1.89,,0.00027801863192749226,2.4172502585229647e-10,20,20,0,complete,1.4272606372833252,1.1946801401560692,1.7461936850901107,1.1946801401560692,2.0861429164430962,3.3790657138130062,5.900503210964779,4.3519922678257075,34.81593814260566,count-based estimate; no cut refit,25.0,60.0,3.0,20260919,20,bdebfd28993eaf5b5cf3aa5f97cf51aa0f7f7b9ea0f3e6c3c73202ce1502020e
32,HB89_0241_622,Powerlaw,1.95,,0.00024399179752244876,1.9476730168332364e-10,20,20,0,complete,0.5519695281982422,0.7429465177240164,1.4573601578807975,0.7429465177240164,1.0827406543672613,2.1013700829663344,3.0624530358778013,1.1723273246196453,9.378618596957162,count-based estimate; no cut refit,25.0,60.0,3.0,20260919,20,bdebfd28993eaf5b5cf3aa5f97cf51aa0f7f7b9ea0f3e6c3c73202ce1502020e
33,NGC_5728,Cutoff_powerlaw,1.3,79.99999999999999,0.0001045909384800858,2.5354739516981356e-11,20,19,1,inconclusive_fit_failures,0.18581342697143555,0.43106081586179407,1.9510286255588887,0.43106081586179407,,1.2192241039987213,,,,inconclusive: inspect trials/FOV status,25.0,60.0,3.0,20260919,20,bdebfd28993eaf5b5cf3aa5f97cf51aa0f7f7b9ea0f3e6c3c73202ce1502020e
34,NGC_3081,Powerlaw,1.78,,0.00029950046322162595,3.068988786492609e-10,20,20,0,complete,7.024321436882019,2.650343645054735,1.5202104551449878,2.650343645054735,4.029080118939285,7.496303855571501,11.39595949618348,16.2334866048318,129.8678928386544,count-based estimate; no cut refit,25.0,60.0,3.0,20260919,20,bdebfd28993eaf5b5cf3aa5f97cf51aa0f7f7b9ea0f3e6c3c73202ce1502020e
35,BAT_3C_382,Powerlaw,2.02,,0.00020196146943216026,1.465403590834217e-10,20,20,0,complete,0.7509849071502686,0.8665938536305624,1.7558137091572794,0.8665938536305624,1.5215773684759784,2.4510975617470123,4.303670701397386,2.315197688258283,18.521581506066266,count-based estimate; no cut refit,25.0,60.0,3.0,20260919,20,bdebfd28993eaf5b5cf3aa5f97cf51aa0f7f7b9ea0f3e6c3c73202ce1502020e
36,NGC_526A,Powerlaw,1.87,,0.0002556406013690545,2.288480222686612e-10,20,20,0,complete,2.4013525247573853,1.5496298024874797,1.4041161500410655,1.5496298024874797,2.175860232257617,4.383014966670669,6.154262100573989,4.73436775032017,37.87494200256136,count-based estimate; no cut refit,25.0,60.0,3.0,20260919,20,bdebfd28993eaf5b5cf3aa5f97cf51aa0f7f7b9ea0f3e6c3c73202ce1502020e
37,NGC_3281,Cutoff_powerlaw,1.25,70.00000000000001,8.992335655690484e-05,2.1182994764049575e-11,20,18,2,inconclusive_fit_failures,0.33300507068634033,0.5770659153739202,1.6840279237063538,0.5770659153739202,,1.6321888878100854,,,,inconclusive: inspect trials/FOV status,25.0,60.0,3.0,20260919,20,bdebfd28993eaf5b5cf3aa5f97cf51aa0f7f7b9ea0f3e6c3c73202ce1502020e
38,NGC_5252,Cutoff_powerlaw,1.67,330.00000000000006,0.0001771026403876969,6.021406261029574e-11,20,20,0,complete,2.1271157264709473,1.4584634813635025,1.9564625646709282,1.4584634813635025,2.8534292032273285,4.12515767114029,8.070716556951085,8.142058217830547,65.13646574264438,count-based estimate; no cut refit,25.0,60.0,3.0,20260919,20,bdebfd28993eaf5b5cf3aa5f97cf51aa0f7f7b9ea0f3e6c3c73202ce1502020e
39,NGC_7582,Cutoff_powerlaw,1.7,200.00000000000003,0.00012991529819133857,3.789522083930368e-11,20,20,0,complete,0.29711484909057617,0.545082424125541,1.6471782612688557,0.545082424125541,0.8978479196193215,1.5417259136190873,2.5394974097482264,0.8061308867647436,6.449047094117949,count-based estimate; no cut refit,25.0,60.0,3.0,20260919,20,bdebfd28993eaf5b5cf3aa5f97cf51aa0f7f7b9ea0f3e6c3c73202ce1502020e
40,NGC_4593,Powerlaw,1.83,,0.0002608480750892584,2.477783135381722e-10,20,19,1,inconclusive_fit_failures,1.3502006530761719,1.1619813479897911,1.777388258375411,1.1619813479897911,,3.286579563103467,,,,inconclusive: inspect trials/FOV status,25.0,60.0,3.0,20260919,20,bdebfd28993eaf5b5cf3aa5f97cf51aa0f7f7b9ea0f3e6c3c73202ce1502020e
41,ESO_506_G027,Powerlaw,1.65,,0.0003511665441608788,4.4131289459272064e-10,20,19,1,inconclusive_fit_failures,4.416193246841431,2.101474065231696,1.7169672101175266,2.101474065231696,,5.943866248051974,,,,inconclusive: inspect trials/FOV status,25.0,60.0,3.0,20260919,20,bdebfd28993eaf5b5cf3aa5f97cf51aa0f7f7b9ea0f3e6c3c73202ce1502020e
42,NGC_6814,Powerlaw,1.95,,0.00019726293185127436,1.5746582200280384e-10,20,20,0,complete,2.066241145133972,1.4374425710733532,1.6581737485525612,1.4374425710733532,2.3835295364057334,4.065701558288776,6.741639593403688,5.68121305091853,45.44970440734824,count-based estimate; no cut refit,25.0,60.0,3.0,20260919,20,bdebfd28993eaf5b5cf3aa5f97cf51aa0f7f7b9ea0f3e6c3c73202ce1502020e
43,MCG_04_48_002,Powerlaw,1.71,,0.0002811932877517146,3.2126311648964134e-10,20,20,0,complete,4.454381227493286,2.11054050600629,1.5667562814551983,2.11054050600629,3.3067025950509876,5.96951001506374,9.352767313310832,10.934282052116936,87.47425641693549,count-based estimate; no cut refit,25.0,60.0,3.0,20260919,20,bdebfd28993eaf5b5cf3aa5f97cf51aa0f7f7b9ea0f3e6c3c73202ce1502020e
44,NGC_7469,Powerlaw,2.09,,0.0001412248791154404,9.360018687062432e-11,20,20,0,complete,3.62981116771698,1.9052063320588088,1.4394200646553494,1.9052063320588088,2.742392221673872,5.388737267833332,7.756656546475346,7.520715097497355,60.16572077997884,count-based estimate; no cut refit,25.0,60.0,3.0,20260919,20,bdebfd28993eaf5b5cf3aa5f97cf51aa0f7f7b9ea0f3e6c3c73202ce1502020e
45,Ark_120,Powerlaw,2.1,,0.00013402012904043206,8.77199896106345e-11,20,20,0,complete,1.826869010925293,1.3516171835713295,1.4180940885212214,1.3516171835713295,1.916720337966205,3.822950704286199,5.421303794456299,3.673816853973283,29.390534831786265,count-based estimate; no cut refit,25.0,60.0,3.0,20260919,20,bdebfd28993eaf5b5cf3aa5f97cf51aa0f7f7b9ea0f3e6c3c73202ce1502020e
