catalog_rank,source,reference_model_type,scenario_type,astromodel_index,cutoff_keV,n_trials,n_valid,n_failed,classification_status,median_ts_3mo,gain,fov_status,median_ts_3mo_fov_est,sigma_3mo_fov_est,target_median_ts,fov_max_offaxis_deg,nominal_trial_duration_months,random_seed,n_realizations_configured,model_sha256
1,Cen_A,Cutoff_powerlaw,balokovic_fixed,-1.765,549.9999999999998,20,20,0,complete,115.19638288021088,1.9302633701979337,ok,429.21212425642256,20.717435272166835,25.0,60.0,3.0,20260919,20,bdebfd28993eaf5b5cf3aa5f97cf51aa0f7f7b9ea0f3e6c3c73202ce1502020e
2,NGC_4151,Powerlaw,bat_cutoff_scan,-1.86,100.0,20,20,0,complete,1.986567735671997,1.9908747139958185,ok,7.8739243708425635,2.8060513842127985,25.0,60.0,3.0,20260919,20,bdebfd28993eaf5b5cf3aa5f97cf51aa0f7f7b9ea0f3e6c3c73202ce1502020e
2,NGC_4151,Powerlaw,bat_cutoff_scan,-1.86,200.0,20,20,0,complete,11.6515052318573,1.9534162221753049,ok,44.460220733030965,6.667849783328278,25.0,60.0,3.0,20260919,20,bdebfd28993eaf5b5cf3aa5f97cf51aa0f7f7b9ea0f3e6c3c73202ce1502020e
3,NGC_2110,Cutoff_powerlaw,balokovic_fixed,-1.64,300.0000000000001,20,20,0,complete,37.28704488277435,1.4598415552299997,ok,79.46381463143227,8.914247844402368,25.0,60.0,3.0,20260919,20,bdebfd28993eaf5b5cf3aa5f97cf51aa0f7f7b9ea0f3e6c3c73202ce1502020e
4,Circinus_Galaxy,Powerlaw,bat_cutoff_scan,-2.06,100.0,20,19,1,inconclusive_fit_failures,1.0929679870605469,1.883951370246374,ok,,,25.0,60.0,3.0,20260919,20,bdebfd28993eaf5b5cf3aa5f97cf51aa0f7f7b9ea0f3e6c3c73202ce1502020e
4,Circinus_Galaxy,Powerlaw,bat_cutoff_scan,-2.06,200.0,20,20,0,complete,1.7941335439682007,1.8146449894318477,ok,5.907967720979098,2.4306311363469155,25.0,60.0,3.0,20260919,20,bdebfd28993eaf5b5cf3aa5f97cf51aa0f7f7b9ea0f3e6c3c73202ce1502020e
4,Circinus_Galaxy,Powerlaw,bat_cutoff_scan,-2.06,300.0,20,20,0,complete,1.7847636938095093,1.7662537484985905,ok,5.567842169640666,2.3596275489239114,25.0,60.0,3.0,20260919,20,bdebfd28993eaf5b5cf3aa5f97cf51aa0f7f7b9ea0f3e6c3c73202ce1502020e
4,Circinus_Galaxy,Powerlaw,bat_cutoff_scan,-2.06,400.0,20,20,0,complete,0.16355502605438232,1.730586982320948,ok,0.48983606735519264,0.6998828954583707,25.0,60.0,3.0,20260919,20,bdebfd28993eaf5b5cf3aa5f97cf51aa0f7f7b9ea0f3e6c3c73202ce1502020e
4,Circinus_Galaxy,Powerlaw,bat_cutoff_scan,-2.06,500.0,20,20,0,complete,1.624578833580017,1.7031013355161215,ok,4.712178892423666,2.170755373694527,25.0,60.0,3.0,20260919,20,bdebfd28993eaf5b5cf3aa5f97cf51aa0f7f7b9ea0f3e6c3c73202ce1502020e
4,Circinus_Galaxy,Powerlaw,bat_cutoff_scan,-2.06,600.0,20,20,0,complete,2.2144299745559692,1.6811842941482995,ok,6.258821988549255,2.5017637755290276,25.0,60.0,3.0,20260919,20,bdebfd28993eaf5b5cf3aa5f97cf51aa0f7f7b9ea0f3e6c3c73202ce1502020e
4,Circinus_Galaxy,Powerlaw,bat_cutoff_scan,-2.06,700.0,20,20,0,complete,1.4528517723083496,1.6632399398820246,ok,4.019121340630922,2.0047746358708056,25.0,60.0,3.0,20260919,20,bdebfd28993eaf5b5cf3aa5f97cf51aa0f7f7b9ea0f3e6c3c73202ce1502020e
4,Circinus_Galaxy,Powerlaw,bat_cutoff_scan,-2.06,800.0,20,20,0,complete,1.1097524166107178,1.6482381479143446,ok,3.0148521743181966,1.7363329675837513,25.0,60.0,3.0,20260919,20,bdebfd28993eaf5b5cf3aa5f97cf51aa0f7f7b9ea0f3e6c3c73202ce1502020e
4,Circinus_Galaxy,Powerlaw,bat_cutoff_scan,-2.06,900.0,20,20,0,complete,1.71616792678833,1.6354828294054402,ok,4.590412981599975,2.142524908046573,25.0,60.0,3.0,20260919,20,bdebfd28993eaf5b5cf3aa5f97cf51aa0f7f7b9ea0f3e6c3c73202ce1502020e
4,Circinus_Galaxy,Powerlaw,bat_cutoff_scan,-2.06,1000.0,20,20,0,complete,2.1268006563186646,1.6244855461004515,ok,5.612527588080104,2.3690773706403307,25.0,60.0,3.0,20260919,20,bdebfd28993eaf5b5cf3aa5f97cf51aa0f7f7b9ea0f3e6c3c73202ce1502020e
5,NGC_4945,Powerlaw,bat_cutoff_scan,-1.49,100.0,20,20,0,complete,2.44659161567688,2.1473013387864595,ok,11.280996717272155,3.358719505596166,25.0,60.0,3.0,20260919,20,bdebfd28993eaf5b5cf3aa5f97cf51aa0f7f7b9ea0f3e6c3c73202ce1502020e
5,NGC_4945,Powerlaw,bat_cutoff_scan,-1.49,200.0,20,20,0,complete,4.080139875411987,2.0786630490034614,ok,17.62963187015796,4.198765517406034,25.0,60.0,3.0,20260919,20,bdebfd28993eaf5b5cf3aa5f97cf51aa0f7f7b9ea0f3e6c3c73202ce1502020e
5,NGC_4945,Powerlaw,bat_cutoff_scan,-1.49,300.0,20,20,0,complete,6.684214234352112,2.0271320333379537,ok,27.46720279700006,5.24091621732308,25.0,60.0,3.0,20260919,20,bdebfd28993eaf5b5cf3aa5f97cf51aa0f7f7b9ea0f3e6c3c73202ce1502020e
6,IC_4329A,Powerlaw,bat_cutoff_scan,-2.01,100.0,20,20,0,complete,0.2872413396835327,1.9872598813106266,ok,1.1343740260150252,1.065069962967234,25.0,60.0,3.0,20260919,20,bdebfd28993eaf5b5cf3aa5f97cf51aa0f7f7b9ea0f3e6c3c73202ce1502020e
6,IC_4329A,Powerlaw,bat_cutoff_scan,-2.01,200.0,20,19,1,inconclusive_fit_failures,1.6482834815979004,1.9608029445244928,ok,,,25.0,60.0,3.0,20260919,20,bdebfd28993eaf5b5cf3aa5f97cf51aa0f7f7b9ea0f3e6c3c73202ce1502020e
6,IC_4329A,Powerlaw,bat_cutoff_scan,-2.01,300.0,20,20,0,complete,1.8420497179031372,1.9409724067374277,ok,6.939689999734855,2.63432913656112,25.0,60.0,3.0,20260919,20,bdebfd28993eaf5b5cf3aa5f97cf51aa0f7f7b9ea0f3e6c3c73202ce1502020e
6,IC_4329A,Powerlaw,bat_cutoff_scan,-2.01,400.0,20,20,0,complete,3.293478488922119,1.9256173387632873,ok,12.212225269638692,3.4945994433752623,25.0,60.0,3.0,20260919,20,bdebfd28993eaf5b5cf3aa5f97cf51aa0f7f7b9ea0f3e6c3c73202ce1502020e
6,IC_4329A,Powerlaw,bat_cutoff_scan,-2.01,500.0,20,20,0,complete,2.1294864416122437,1.9133455190207,ok,7.7958179087652315,2.7920991939337028,25.0,60.0,3.0,20260919,20,bdebfd28993eaf5b5cf3aa5f97cf51aa0f7f7b9ea0f3e6c3c73202ce1502020e
6,IC_4329A,Powerlaw,bat_cutoff_scan,-2.01,600.0,20,20,0,complete,2.4368280172348022,1.903280679175945,ok,8.827354282986036,2.9710863809364474,25.0,60.0,3.0,20260919,20,bdebfd28993eaf5b5cf3aa5f97cf51aa0f7f7b9ea0f3e6c3c73202ce1502020e
6,IC_4329A,Powerlaw,bat_cutoff_scan,-2.01,700.0,20,20,0,complete,2.0966250896453857,1.894852572184451,ok,7.527861665865886,2.74369489299847,25.0,60.0,3.0,20260919,20,bdebfd28993eaf5b5cf3aa5f97cf51aa0f7f7b9ea0f3e6c3c73202ce1502020e
6,IC_4329A,Powerlaw,bat_cutoff_scan,-2.01,800.0,20,20,0,complete,3.599174737930298,1.8876750032804805,ok,12.825000234541102,3.581200948640149,25.0,60.0,3.0,20260919,20,bdebfd28993eaf5b5cf3aa5f97cf51aa0f7f7b9ea0f3e6c3c73202ce1502020e
6,IC_4329A,Powerlaw,bat_cutoff_scan,-2.01,900.0,20,20,0,complete,3.095389723777771,1.8814768386362486,ok,10.957540621607299,3.310217609403844,25.0,60.0,3.0,20260919,20,bdebfd28993eaf5b5cf3aa5f97cf51aa0f7f7b9ea0f3e6c3c73202ce1502020e
6,IC_4329A,Powerlaw,bat_cutoff_scan,-2.01,1000.0,20,20,0,complete,3.574064612388611,1.8760617609912567,ok,12.579305441048097,3.5467316561939244,25.0,60.0,3.0,20260919,20,bdebfd28993eaf5b5cf3aa5f97cf51aa0f7f7b9ea0f3e6c3c73202ce1502020e
7,NGC_4388,Cutoff_powerlaw,balokovic_fixed,-1.64,209.99999999999991,20,20,0,complete,4.530154824256897,1.861966110695056,ok,15.705674385088939,3.9630385293470134,25.0,60.0,3.0,20260919,20,bdebfd28993eaf5b5cf3aa5f97cf51aa0f7f7b9ea0f3e6c3c73202ce1502020e
8,NGC_5506,Cutoff_powerlaw,balokovic_fixed,-1.79,109.99999999999997,20,20,0,complete,0.5704901218414307,1.982222487320543,ok,2.241573203541173,1.4971884328771623,25.0,60.0,3.0,20260919,20,bdebfd28993eaf5b5cf3aa5f97cf51aa0f7f7b9ea0f3e6c3c73202ce1502020e
9,BAT_4C_50_55,Powerlaw,bat_cutoff_scan,-1.99,100.0,20,19,1,inconclusive_fit_failures,0.4013676643371582,1.9230038890526693,ok,,,25.0,60.0,3.0,20260919,20,bdebfd28993eaf5b5cf3aa5f97cf51aa0f7f7b9ea0f3e6c3c73202ce1502020e
9,BAT_4C_50_55,Powerlaw,bat_cutoff_scan,-1.99,200.0,20,19,1,inconclusive_fit_failures,2.6497583389282227,1.8962630076620626,ok,,,25.0,60.0,3.0,20260919,20,bdebfd28993eaf5b5cf3aa5f97cf51aa0f7f7b9ea0f3e6c3c73202ce1502020e
9,BAT_4C_50_55,Powerlaw,bat_cutoff_scan,-1.99,300.0,20,20,0,complete,1.9989606142044067,1.8766802265988887,ok,7.0401967031787995,2.65333689967535,25.0,60.0,3.0,20260919,20,bdebfd28993eaf5b5cf3aa5f97cf51aa0f7f7b9ea0f3e6c3c73202ce1502020e
9,BAT_4C_50_55,Powerlaw,bat_cutoff_scan,-1.99,400.0,20,20,0,complete,1.4807764291763306,1.8617138130880757,ok,5.132339003021163,2.2654666192687904,25.0,60.0,3.0,20260919,20,bdebfd28993eaf5b5cf3aa5f97cf51aa0f7f7b9ea0f3e6c3c73202ce1502020e
9,BAT_4C_50_55,Powerlaw,bat_cutoff_scan,-1.99,500.0,20,20,0,complete,3.5385109186172485,1.849852182947829,ok,12.108618402947235,3.4797440139968967,25.0,60.0,3.0,20260919,20,bdebfd28993eaf5b5cf3aa5f97cf51aa0f7f7b9ea0f3e6c3c73202ce1502020e
9,BAT_4C_50_55,Powerlaw,bat_cutoff_scan,-1.99,600.0,20,20,0,complete,3.23540723323822,1.8401797751864755,ok,10.955935290471166,3.3099751193130085,25.0,60.0,3.0,20260919,20,bdebfd28993eaf5b5cf3aa5f97cf51aa0f7f7b9ea0f3e6c3c73202ce1502020e
9,BAT_4C_50_55,Powerlaw,bat_cutoff_scan,-1.99,700.0,20,19,1,inconclusive_fit_failures,3.129437208175659,1.8321142722504997,ok,,,25.0,60.0,3.0,20260919,20,bdebfd28993eaf5b5cf3aa5f97cf51aa0f7f7b9ea0f3e6c3c73202ce1502020e
9,BAT_4C_50_55,Powerlaw,bat_cutoff_scan,-1.99,800.0,20,19,1,inconclusive_fit_failures,2.951662540435791,1.8252673446201002,ok,,,25.0,60.0,3.0,20260919,20,bdebfd28993eaf5b5cf3aa5f97cf51aa0f7f7b9ea0f3e6c3c73202ce1502020e
9,BAT_4C_50_55,Powerlaw,bat_cutoff_scan,-1.99,900.0,20,20,0,complete,5.2735549211502075,1.819369378644431,ok,17.45602017449756,4.1780402313163,25.0,60.0,3.0,20260919,20,bdebfd28993eaf5b5cf3aa5f97cf51aa0f7f7b9ea0f3e6c3c73202ce1502020e
9,BAT_4C_50_55,Powerlaw,bat_cutoff_scan,-1.99,1000.0,20,18,2,inconclusive_fit_failures,5.910084009170532,1.814226792842755,ok,,,25.0,60.0,3.0,20260919,20,bdebfd28993eaf5b5cf3aa5f97cf51aa0f7f7b9ea0f3e6c3c73202ce1502020e
10,MCG_05_23_016,Cutoff_powerlaw,balokovic_fixed,-1.93,150.00000000000003,20,20,0,complete,1.9544274806976318,1.5995266916746627,ok,5.000374638665065,2.23615174768285,25.0,60.0,3.0,20260919,20,bdebfd28993eaf5b5cf3aa5f97cf51aa0f7f7b9ea0f3e6c3c73202ce1502020e
11,NGC_4507,Cutoff_powerlaw,balokovic_fixed,-1.41,79.99999999999999,20,20,0,complete,0.5164656639099121,1.978135379747894,ok,2.0209402555924076,1.42159778263488,25.0,60.0,3.0,20260919,20,bdebfd28993eaf5b5cf3aa5f97cf51aa0f7f7b9ea0f3e6c3c73202ce1502020e
12,NGC_7172,Powerlaw,bat_cutoff_scan,-1.87,100.0,20,20,0,complete,0.8520575761795044,1.57615997982498,ok,2.1167498356330583,1.4549054387255065,25.0,60.0,3.0,20260919,20,bdebfd28993eaf5b5cf3aa5f97cf51aa0f7f7b9ea0f3e6c3c73202ce1502020e
12,NGC_7172,Powerlaw,bat_cutoff_scan,-1.87,200.0,20,20,0,complete,1.9508308172225952,1.5644317204655245,ok,4.774554266390814,2.185075345701107,25.0,60.0,3.0,20260919,20,bdebfd28993eaf5b5cf3aa5f97cf51aa0f7f7b9ea0f3e6c3c73202ce1502020e
12,NGC_7172,Powerlaw,bat_cutoff_scan,-1.87,300.0,20,20,0,complete,3.8748308420181274,1.555672652191971,ok,9.377545545839345,3.06227783616042,25.0,60.0,3.0,20260919,20,bdebfd28993eaf5b5cf3aa5f97cf51aa0f7f7b9ea0f3e6c3c73202ce1502020e
12,NGC_7172,Powerlaw,bat_cutoff_scan,-1.87,400.0,20,20,0,complete,5.562451124191284,1.5488996322470796,ok,13.344821261219316,3.653056427324839,25.0,60.0,3.0,20260919,20,bdebfd28993eaf5b5cf3aa5f97cf51aa0f7f7b9ea0f3e6c3c73202ce1502020e
12,NGC_7172,Powerlaw,bat_cutoff_scan,-1.87,500.0,20,20,0,complete,2.8775038719177246,1.5434838540442952,ok,6.855199502377397,2.6182435911078628,25.0,60.0,3.0,20260919,20,bdebfd28993eaf5b5cf3aa5f97cf51aa0f7f7b9ea0f3e6c3c73202ce1502020e
12,NGC_7172,Powerlaw,bat_cutoff_scan,-1.87,600.0,20,20,0,complete,5.09496545791626,1.5390356974977333,ok,12.0680925068419,3.473916018967917,25.0,60.0,3.0,20260919,20,bdebfd28993eaf5b5cf3aa5f97cf51aa0f7f7b9ea0f3e6c3c73202ce1502020e
12,NGC_7172,Powerlaw,bat_cutoff_scan,-1.87,700.0,20,20,0,complete,6.359401822090149,1.5353039772990367,ok,14.990116805210429,3.871707221008638,25.0,60.0,3.0,20260919,20,bdebfd28993eaf5b5cf3aa5f97cf51aa0f7f7b9ea0f3e6c3c73202ce1502020e
12,NGC_7172,Powerlaw,bat_cutoff_scan,-1.87,800.0,20,20,0,complete,8.540435433387756,1.5321194928739037,ok,20.047733931434603,4.477469590230022,25.0,60.0,3.0,20260919,20,bdebfd28993eaf5b5cf3aa5f97cf51aa0f7f7b9ea0f3e6c3c73202ce1502020e
12,NGC_7172,Powerlaw,bat_cutoff_scan,-1.87,900.0,20,20,0,complete,7.4303213357925415,1.529363809224681,ok,17.379177290507428,4.168834044491029,25.0,60.0,3.0,20260919,20,bdebfd28993eaf5b5cf3aa5f97cf51aa0f7f7b9ea0f3e6c3c73202ce1502020e
12,NGC_7172,Powerlaw,bat_cutoff_scan,-1.87,1000.0,20,20,0,complete,6.6434091329574585,1.526951303515976,ok,15.48964174835947,3.9356882178800023,25.0,60.0,3.0,20260919,20,bdebfd28993eaf5b5cf3aa5f97cf51aa0f7f7b9ea0f3e6c3c73202ce1502020e
13,NGC_3783,Powerlaw,bat_cutoff_scan,-1.98,100.0,20,19,1,inconclusive_fit_failures,0.40322303771972656,1.8251292216415327,ok,,,25.0,60.0,3.0,20260919,20,bdebfd28993eaf5b5cf3aa5f97cf51aa0f7f7b9ea0f3e6c3c73202ce1502020e
13,NGC_3783,Powerlaw,bat_cutoff_scan,-1.98,200.0,20,18,2,inconclusive_fit_failures,1.0849871635437012,1.8028982482977245,ok,,,25.0,60.0,3.0,20260919,20,bdebfd28993eaf5b5cf3aa5f97cf51aa0f7f7b9ea0f3e6c3c73202ce1502020e
13,NGC_3783,Powerlaw,bat_cutoff_scan,-1.98,300.0,20,19,1,inconclusive_fit_failures,1.341261386871338,1.7867749634807528,ok,,,25.0,60.0,3.0,20260919,20,bdebfd28993eaf5b5cf3aa5f97cf51aa0f7f7b9ea0f3e6c3c73202ce1502020e
13,NGC_3783,Powerlaw,bat_cutoff_scan,-1.98,400.0,20,20,0,complete,2.0746572017669678,1.7744725570912188,ok,6.532582789014689,2.55589177959762,25.0,60.0,3.0,20260919,20,bdebfd28993eaf5b5cf3aa5f97cf51aa0f7f7b9ea0f3e6c3c73202ce1502020e
13,NGC_3783,Powerlaw,bat_cutoff_scan,-1.98,500.0,20,20,0,complete,1.7436811923980713,1.7647181871863393,ok,5.430224768357322,2.330284267714418,25.0,60.0,3.0,20260919,20,bdebfd28993eaf5b5cf3aa5f97cf51aa0f7f7b9ea0f3e6c3c73202ce1502020e
13,NGC_3783,Powerlaw,bat_cutoff_scan,-1.98,600.0,20,20,0,complete,2.5445092916488647,1.756756177714606,ok,7.8528449015842225,2.80229279369309,25.0,60.0,3.0,20260919,20,bdebfd28993eaf5b5cf3aa5f97cf51aa0f7f7b9ea0f3e6c3c73202ce1502020e
13,NGC_3783,Powerlaw,bat_cutoff_scan,-1.98,700.0,20,20,0,complete,2.208962917327881,1.7501093965294536,ok,6.765794745821587,2.601114135485328,25.0,60.0,3.0,20260919,20,bdebfd28993eaf5b5cf3aa5f97cf51aa0f7f7b9ea0f3e6c3c73202ce1502020e
13,NGC_3783,Powerlaw,bat_cutoff_scan,-1.98,800.0,20,20,0,complete,4.20413613319397,1.744460533737702,ok,12.793785568758022,3.576840165391518,25.0,60.0,3.0,20260919,20,bdebfd28993eaf5b5cf3aa5f97cf51aa0f7f7b9ea0f3e6c3c73202ce1502020e
13,NGC_3783,Powerlaw,bat_cutoff_scan,-1.98,900.0,20,20,0,complete,3.524047017097473,1.7395894663115825,ok,10.664370687629928,3.2656348062252656,25.0,60.0,3.0,20260919,20,bdebfd28993eaf5b5cf3aa5f97cf51aa0f7f7b9ea0f3e6c3c73202ce1502020e
13,NGC_3783,Powerlaw,bat_cutoff_scan,-1.98,1000.0,20,20,0,complete,1.8480931520462036,1.7353381360075193,ok,5.565344846656437,2.3590983122066866,25.0,60.0,3.0,20260919,20,bdebfd28993eaf5b5cf3aa5f97cf51aa0f7f7b9ea0f3e6c3c73202ce1502020e
14,Mrk_3,Cutoff_powerlaw,balokovic_fixed,-1.52,150.00000000000003,20,19,1,inconclusive_fit_failures,1.2450599670410156,1.6096048918306203,ok,,,25.0,60.0,3.0,20260919,20,bdebfd28993eaf5b5cf3aa5f97cf51aa0f7f7b9ea0f3e6c3c73202ce1502020e
15,Mrk_348,Powerlaw,bat_cutoff_scan,-1.83,100.0,20,20,0,complete,0.7929844856262207,1.5153777543601532,ok,1.8209855758203721,1.3494389855863702,25.0,60.0,3.0,20260919,20,bdebfd28993eaf5b5cf3aa5f97cf51aa0f7f7b9ea0f3e6c3c73202ce1502020e
15,Mrk_348,Powerlaw,bat_cutoff_scan,-1.83,200.0,20,19,1,inconclusive_fit_failures,2.959934711456299,1.5017425943793323,ok,,,25.0,60.0,3.0,20260919,20,bdebfd28993eaf5b5cf3aa5f97cf51aa0f7f7b9ea0f3e6c3c73202ce1502020e
15,Mrk_348,Powerlaw,bat_cutoff_scan,-1.83,300.0,20,20,0,complete,5.5374109745025635,1.4914862824804462,ok,12.318144204448112,3.5097213855871967,25.0,60.0,3.0,20260919,20,bdebfd28993eaf5b5cf3aa5f97cf51aa0f7f7b9ea0f3e6c3c73202ce1502020e
15,Mrk_348,Powerlaw,bat_cutoff_scan,-1.83,400.0,20,20,0,complete,4.747084021568298,1.4834769258197584,ok,10.446925795053724,3.232170446473039,25.0,60.0,3.0,20260919,20,bdebfd28993eaf5b5cf3aa5f97cf51aa0f7f7b9ea0f3e6c3c73202ce1502020e
15,Mrk_348,Powerlaw,bat_cutoff_scan,-1.83,500.0,20,20,0,complete,4.752186894416809,1.4770216184835478,ok,10.36733700522035,3.219834934467969,25.0,60.0,3.0,20260919,20,bdebfd28993eaf5b5cf3aa5f97cf51aa0f7f7b9ea0f3e6c3c73202ce1502020e
15,Mrk_348,Powerlaw,bat_cutoff_scan,-1.83,600.0,20,20,0,complete,7.303409695625305,1.4716866629249705,ok,15.818174855905914,3.9772069164057724,25.0,60.0,3.0,20260919,20,bdebfd28993eaf5b5cf3aa5f97cf51aa0f7f7b9ea0f3e6c3c73202ce1502020e
15,Mrk_348,Powerlaw,bat_cutoff_scan,-1.83,700.0,20,20,0,complete,6.923548340797424,1.467188764377935,ok,14.903926973111647,3.860560448058241,25.0,60.0,3.0,20260919,20,bdebfd28993eaf5b5cf3aa5f97cf51aa0f7f7b9ea0f3e6c3c73202ce1502020e
15,Mrk_348,Powerlaw,bat_cutoff_scan,-1.83,800.0,20,20,0,complete,6.128848671913147,1.46333490873822,ok,13.124004312647584,3.62270676603111,25.0,60.0,3.0,20260919,20,bdebfd28993eaf5b5cf3aa5f97cf51aa0f7f7b9ea0f3e6c3c73202ce1502020e
15,Mrk_348,Powerlaw,bat_cutoff_scan,-1.83,900.0,20,20,0,complete,7.799489140510559,1.4599887185925355,ok,16.625134124397125,4.0773930549307025,25.0,60.0,3.0,20260919,20,bdebfd28993eaf5b5cf3aa5f97cf51aa0f7f7b9ea0f3e6c3c73202ce1502020e
15,Mrk_348,Powerlaw,bat_cutoff_scan,-1.83,1000.0,20,20,0,complete,9.945002317428589,1.4570508349493714,ok,21.113211433701395,4.59491147180241,25.0,60.0,3.0,20260919,20,bdebfd28993eaf5b5cf3aa5f97cf51aa0f7f7b9ea0f3e6c3c73202ce1502020e
16,Cygnus_A,Cutoff_powerlaw,balokovic_fixed,-1.58,130.00000000000006,20,20,0,complete,0.793082594871521,1.829311632807507,ok,2.6539565665032985,1.6290968560841612,25.0,60.0,3.0,20260919,20,bdebfd28993eaf5b5cf3aa5f97cf51aa0f7f7b9ea0f3e6c3c73202ce1502020e
17,MCG_08_11_011,Powerlaw,bat_cutoff_scan,-2.07,100.0,20,20,0,complete,0.01251983642578125,1.7079476712452655,ok,0.036521430141415394,0.1911058087589579,25.0,60.0,3.0,20260919,20,bdebfd28993eaf5b5cf3aa5f97cf51aa0f7f7b9ea0f3e6c3c73202ce1502020e
17,MCG_08_11_011,Powerlaw,bat_cutoff_scan,-2.07,200.0,20,20,0,complete,1.061165452003479,1.68422147563401,ok,3.0101040211854926,1.7349651354380273,25.0,60.0,3.0,20260919,20,bdebfd28993eaf5b5cf3aa5f97cf51aa0f7f7b9ea0f3e6c3c73202ce1502020e
17,MCG_08_11_011,Powerlaw,bat_cutoff_scan,-2.07,300.0,20,20,0,complete,0.932984471321106,1.6670706508823594,ok,2.5928800537132783,1.610242234483147,25.0,60.0,3.0,20260919,20,bdebfd28993eaf5b5cf3aa5f97cf51aa0f7f7b9ea0f3e6c3c73202ce1502020e
17,MCG_08_11_011,Powerlaw,bat_cutoff_scan,-2.07,400.0,20,19,1,inconclusive_fit_failures,0.9507489204406738,1.654048023416018,ok,,,25.0,60.0,3.0,20260919,20,bdebfd28993eaf5b5cf3aa5f97cf51aa0f7f7b9ea0f3e6c3c73202ce1502020e
17,MCG_08_11_011,Powerlaw,bat_cutoff_scan,-2.07,500.0,20,20,0,complete,1.6647933721542358,1.6437703449741525,ok,4.498239972280002,2.1209054604767283,25.0,60.0,3.0,20260919,20,bdebfd28993eaf5b5cf3aa5f97cf51aa0f7f7b9ea0f3e6c3c73202ce1502020e
17,MCG_08_11_011,Powerlaw,bat_cutoff_scan,-2.07,600.0,20,20,0,complete,0.5027657747268677,1.6354156441922225,ok,1.3446894623770986,1.1596074604697482,25.0,60.0,3.0,20260919,20,bdebfd28993eaf5b5cf3aa5f97cf51aa0f7f7b9ea0f3e6c3c73202ce1502020e
17,MCG_08_11_011,Powerlaw,bat_cutoff_scan,-2.07,700.0,20,20,0,complete,1.706558108329773,1.6284662545070114,ok,4.525625444355022,2.1273517443890237,25.0,60.0,3.0,20260919,20,bdebfd28993eaf5b5cf3aa5f97cf51aa0f7f7b9ea0f3e6c3c73202ce1502020e
17,MCG_08_11_011,Powerlaw,bat_cutoff_scan,-2.07,800.0,20,20,0,complete,2.311932921409607,1.6225790858038474,ok,6.08677119893529,2.4671382610091577,25.0,60.0,3.0,20260919,20,bdebfd28993eaf5b5cf3aa5f97cf51aa0f7f7b9ea0f3e6c3c73202ce1502020e
17,MCG_08_11_011,Powerlaw,bat_cutoff_scan,-2.07,900.0,20,20,0,complete,1.4440561532974243,1.6175169681245292,ok,3.7781724065999764,1.9437521463910918,25.0,60.0,3.0,20260919,20,bdebfd28993eaf5b5cf3aa5f97cf51aa0f7f7b9ea0f3e6c3c73202ce1502020e
17,MCG_08_11_011,Powerlaw,bat_cutoff_scan,-2.07,1000.0,20,20,0,complete,1.5860378742218018,1.6131101761891031,ok,4.127067916110611,2.031518623126702,25.0,60.0,3.0,20260919,20,bdebfd28993eaf5b5cf3aa5f97cf51aa0f7f7b9ea0f3e6c3c73202ce1502020e
18,BAT_3C_111_0,Powerlaw,bat_cutoff_scan,-1.97,100.0,20,20,0,complete,0.025987744331359863,1.5682757175301152,ok,0.06391656420220715,0.252817254557926,25.0,60.0,3.0,20260919,20,bdebfd28993eaf5b5cf3aa5f97cf51aa0f7f7b9ea0f3e6c3c73202ce1502020e
18,BAT_3C_111_0,Powerlaw,bat_cutoff_scan,-1.97,200.0,20,20,0,complete,1.2121280431747437,1.5473595312741526,ok,2.902224257586911,1.7035915759321278,25.0,60.0,3.0,20260919,20,bdebfd28993eaf5b5cf3aa5f97cf51aa0f7f7b9ea0f3e6c3c73202ce1502020e
18,BAT_3C_111_0,Powerlaw,bat_cutoff_scan,-1.97,300.0,20,20,0,complete,0.5069029331207275,1.532336677362485,ok,1.1902363178062252,1.090979522175474,25.0,60.0,3.0,20260919,20,bdebfd28993eaf5b5cf3aa5f97cf51aa0f7f7b9ea0f3e6c3c73202ce1502020e
18,BAT_3C_111_0,Powerlaw,bat_cutoff_scan,-1.97,400.0,20,20,0,complete,1.163404941558838,1.5209374625630405,ok,2.691247371097989,1.6405021704033156,25.0,60.0,3.0,20260919,20,bdebfd28993eaf5b5cf3aa5f97cf51aa0f7f7b9ea0f3e6c3c73202ce1502020e
18,BAT_3C_111_0,Powerlaw,bat_cutoff_scan,-1.97,500.0,20,20,0,complete,1.8309121131896973,1.5119320190320813,ok,4.185352361812197,2.0458133741405145,25.0,60.0,3.0,20260919,20,bdebfd28993eaf5b5cf3aa5f97cf51aa0f7f7b9ea0f3e6c3c73202ce1502020e
18,BAT_3C_111_0,Powerlaw,bat_cutoff_scan,-1.97,600.0,20,20,0,complete,1.9410507678985596,1.5046002564384167,ok,4.394193298862484,2.096233121306522,25.0,60.0,3.0,20260919,20,bdebfd28993eaf5b5cf3aa5f97cf51aa0f7f7b9ea0f3e6c3c73202ce1502020e
18,BAT_3C_111_0,Powerlaw,bat_cutoff_scan,-1.97,700.0,20,20,0,complete,2.2251487970352173,1.498491416155921,ok,4.9965193868013404,2.2352895532349586,25.0,60.0,3.0,20260919,20,bdebfd28993eaf5b5cf3aa5f97cf51aa0f7f7b9ea0f3e6c3c73202ce1502020e
18,BAT_3C_111_0,Powerlaw,bat_cutoff_scan,-1.97,800.0,20,20,0,complete,2.3236082792282104,1.4933075149220816,ok,5.181570559976113,2.27630634141719,25.0,60.0,3.0,20260919,20,bdebfd28993eaf5b5cf3aa5f97cf51aa0f7f7b9ea0f3e6c3c73202ce1502020e
18,BAT_3C_111_0,Powerlaw,bat_cutoff_scan,-1.97,900.0,20,20,0,complete,1.9168707132339478,1.4888427510049547,ok,4.249036713386887,2.061319168248063,25.0,60.0,3.0,20260919,20,bdebfd28993eaf5b5cf3aa5f97cf51aa0f7f7b9ea0f3e6c3c73202ce1502020e
18,BAT_3C_111_0,Powerlaw,bat_cutoff_scan,-1.97,1000.0,20,20,0,complete,3.2923178672790527,1.484949855907328,ok,7.259811358980791,2.6944037112097345,25.0,60.0,3.0,20260919,20,bdebfd28993eaf5b5cf3aa5f97cf51aa0f7f7b9ea0f3e6c3c73202ce1502020e
19,NGC_3227,Powerlaw,bat_cutoff_scan,-2.0,100.0,20,20,0,complete,0.10880815982818604,1.6289134818927127,ok,0.2887071244609411,0.5373147350119305,25.0,60.0,3.0,20260919,20,bdebfd28993eaf5b5cf3aa5f97cf51aa0f7f7b9ea0f3e6c3c73202ce1502020e
19,NGC_3227,Powerlaw,bat_cutoff_scan,-2.0,200.0,20,20,0,complete,0.5718415975570679,1.6210729361992073,ok,1.5027296474710417,1.2258587387913182,25.0,60.0,3.0,20260919,20,bdebfd28993eaf5b5cf3aa5f97cf51aa0f7f7b9ea0f3e6c3c73202ce1502020e
19,NGC_3227,Powerlaw,bat_cutoff_scan,-2.0,300.0,20,20,0,complete,1.1620548963546753,1.6152183363794366,ok,3.0317201993545786,1.7411835627970356,25.0,60.0,3.0,20260919,20,bdebfd28993eaf5b5cf3aa5f97cf51aa0f7f7b9ea0f3e6c3c73202ce1502020e
19,NGC_3227,Powerlaw,bat_cutoff_scan,-2.0,400.0,20,20,0,complete,2.270087242126465,1.6106974872048214,ok,5.889392653599903,2.4268070903143295,25.0,60.0,3.0,20260919,20,bdebfd28993eaf5b5cf3aa5f97cf51aa0f7f7b9ea0f3e6c3c73202ce1502020e
19,NGC_3227,Powerlaw,bat_cutoff_scan,-2.0,500.0,20,20,0,complete,2.092781901359558,1.6070884114099595,ok,5.4050972176593,2.324886495650766,25.0,60.0,3.0,20260919,20,bdebfd28993eaf5b5cf3aa5f97cf51aa0f7f7b9ea0f3e6c3c73202ce1502020e
19,NGC_3227,Powerlaw,bat_cutoff_scan,-2.0,600.0,20,19,1,inconclusive_fit_failures,2.83512020111084,1.604128892972925,ok,,,25.0,60.0,3.0,20260919,20,bdebfd28993eaf5b5cf3aa5f97cf51aa0f7f7b9ea0f3e6c3c73202ce1502020e
19,NGC_3227,Powerlaw,bat_cutoff_scan,-2.0,700.0,20,20,0,complete,1.5595967769622803,1.6016498186744483,ok,4.000805760131666,2.000201429889416,25.0,60.0,3.0,20260919,20,bdebfd28993eaf5b5cf3aa5f97cf51aa0f7f7b9ea0f3e6c3c73202ce1502020e
19,NGC_3227,Powerlaw,bat_cutoff_scan,-2.0,800.0,20,20,0,complete,3.223195195198059,1.5995373214190636,ok,8.246608218888376,2.8716908292656393,25.0,60.0,3.0,20260919,20,bdebfd28993eaf5b5cf3aa5f97cf51aa0f7f7b9ea0f3e6c3c73202ce1502020e
19,NGC_3227,Powerlaw,bat_cutoff_scan,-2.0,900.0,20,20,0,complete,1.9011188745498657,1.5977117538528742,ok,4.852953543832245,2.2029420200795675,25.0,60.0,3.0,20260919,20,bdebfd28993eaf5b5cf3aa5f97cf51aa0f7f7b9ea0f3e6c3c73202ce1502020e
19,NGC_3227,Powerlaw,bat_cutoff_scan,-2.0,1000.0,20,20,0,complete,3.8959635496139526,1.5961155796405504,ok,9.925298079699065,3.1504441083280725,25.0,60.0,3.0,20260919,20,bdebfd28993eaf5b5cf3aa5f97cf51aa0f7f7b9ea0f3e6c3c73202ce1502020e
20,BAT_4U_1344_60,Powerlaw,bat_cutoff_scan,-1.99,100.0,20,19,1,inconclusive_fit_failures,0.11282467842102051,2.045210211786825,ok,,,25.0,60.0,3.0,20260919,20,bdebfd28993eaf5b5cf3aa5f97cf51aa0f7f7b9ea0f3e6c3c73202ce1502020e
20,BAT_4U_1344_60,Powerlaw,bat_cutoff_scan,-1.99,200.0,20,20,0,complete,0.6479253768920898,1.979145649819414,ok,2.537935042053196,1.5930897784033378,25.0,60.0,3.0,20260919,20,bdebfd28993eaf5b5cf3aa5f97cf51aa0f7f7b9ea0f3e6c3c73202ce1502020e
20,BAT_4U_1344_60,Powerlaw,bat_cutoff_scan,-1.99,300.0,20,20,0,complete,0.21240317821502686,1.9322940168046572,ok,0.7930625262439865,0.890540580908016,25.0,60.0,3.0,20260919,20,bdebfd28993eaf5b5cf3aa5f97cf51aa0f7f7b9ea0f3e6c3c73202ce1502020e
20,BAT_4U_1344_60,Powerlaw,bat_cutoff_scan,-1.99,400.0,20,20,0,complete,0.8061765432357788,1.8974116349079446,ok,2.902373341123147,1.7036353310269035,25.0,60.0,3.0,20260919,20,bdebfd28993eaf5b5cf3aa5f97cf51aa0f7f7b9ea0f3e6c3c73202ce1502020e
20,BAT_4U_1344_60,Powerlaw,bat_cutoff_scan,-1.99,500.0,20,20,0,complete,0.13618910312652588,1.8703278862526174,ok,0.47640669732442775,0.6902222086577827,25.0,60.0,3.0,20260919,20,bdebfd28993eaf5b5cf3aa5f97cf51aa0f7f7b9ea0f3e6c3c73202ce1502020e
20,BAT_4U_1344_60,Powerlaw,bat_cutoff_scan,-1.99,600.0,20,20,0,complete,0.08493280410766602,1.8486030463700753,ok,0.2902436932038161,0.5387426966593757,25.0,60.0,3.0,20260919,20,bdebfd28993eaf5b5cf3aa5f97cf51aa0f7f7b9ea0f3e6c3c73202ce1502020e
20,BAT_4U_1344_60,Powerlaw,bat_cutoff_scan,-1.99,700.0,20,20,0,complete,0.8039349317550659,1.8307296583614499,ok,2.694445069083324,1.641476490566747,25.0,60.0,3.0,20260919,20,bdebfd28993eaf5b5cf3aa5f97cf51aa0f7f7b9ea0f3e6c3c73202ce1502020e
20,BAT_4U_1344_60,Powerlaw,bat_cutoff_scan,-1.99,800.0,20,20,0,complete,0.16514933109283447,1.8157262551953055,ok,0.544474526558485,0.737885171661882,25.0,60.0,3.0,20260919,20,bdebfd28993eaf5b5cf3aa5f97cf51aa0f7f7b9ea0f3e6c3c73202ce1502020e
20,BAT_4U_1344_60,Powerlaw,bat_cutoff_scan,-1.99,900.0,20,19,1,inconclusive_fit_failures,0.5579433441162109,1.8029249996221657,ok,,,25.0,60.0,3.0,20260919,20,bdebfd28993eaf5b5cf3aa5f97cf51aa0f7f7b9ea0f3e6c3c73202ce1502020e
20,BAT_4U_1344_60,Powerlaw,bat_cutoff_scan,-1.99,1000.0,20,19,1,inconclusive_fit_failures,0.04859590530395508,1.7918545532200032,ok,,,25.0,60.0,3.0,20260919,20,bdebfd28993eaf5b5cf3aa5f97cf51aa0f7f7b9ea0f3e6c3c73202ce1502020e
21,ESO_103_035,Powerlaw,bat_cutoff_scan,-2.18,100.0,20,19,1,inconclusive_fit_failures,0.0,2.069329576424698,ok,,,25.0,60.0,3.0,20260919,20,bdebfd28993eaf5b5cf3aa5f97cf51aa0f7f7b9ea0f3e6c3c73202ce1502020e
21,ESO_103_035,Powerlaw,bat_cutoff_scan,-2.18,200.0,20,19,1,inconclusive_fit_failures,0.19304633140563965,2.0161614946806425,ok,,,25.0,60.0,3.0,20260919,20,bdebfd28993eaf5b5cf3aa5f97cf51aa0f7f7b9ea0f3e6c3c73202ce1502020e
21,ESO_103_035,Powerlaw,bat_cutoff_scan,-2.18,300.0,20,20,0,complete,0.04963505268096924,1.9775105312361478,ok,0.19410025108502757,0.4405681003942836,25.0,60.0,3.0,20260919,20,bdebfd28993eaf5b5cf3aa5f97cf51aa0f7f7b9ea0f3e6c3c73202ce1502020e
21,ESO_103_035,Powerlaw,bat_cutoff_scan,-2.18,400.0,20,20,0,complete,0.03900504112243652,1.9483288504655454,ok,0.14806256309941207,0.3847889851586348,25.0,60.0,3.0,20260919,20,bdebfd28993eaf5b5cf3aa5f97cf51aa0f7f7b9ea0f3e6c3c73202ce1502020e
21,ESO_103_035,Powerlaw,bat_cutoff_scan,-2.18,500.0,20,20,0,complete,0.37499499320983887,1.9254727627382557,ok,1.3902734476166325,1.1790985741729283,25.0,60.0,3.0,20260919,20,bdebfd28993eaf5b5cf3aa5f97cf51aa0f7f7b9ea0f3e6c3c73202ce1502020e
21,ESO_103_035,Powerlaw,bat_cutoff_scan,-2.18,600.0,20,20,0,complete,0.37463080883026123,1.907032401484586,ok,1.362447053294026,1.1672390728955342,25.0,60.0,3.0,20260919,20,bdebfd28993eaf5b5cf3aa5f97cf51aa0f7f7b9ea0f3e6c3c73202ce1502020e
21,ESO_103_035,Powerlaw,bat_cutoff_scan,-2.18,700.0,20,20,0,complete,1.0757259130477905,1.8918000960194654,ok,3.8499236492727746,1.9621222309715505,25.0,60.0,3.0,20260919,20,bdebfd28993eaf5b5cf3aa5f97cf51aa0f7f7b9ea0f3e6c3c73202ce1502020e
21,ESO_103_035,Powerlaw,bat_cutoff_scan,-2.18,800.0,20,20,0,complete,0.16964638233184814,1.8789770673227968,ok,0.5989458527566835,0.7739159209866945,25.0,60.0,3.0,20260919,20,bdebfd28993eaf5b5cf3aa5f97cf51aa0f7f7b9ea0f3e6c3c73202ce1502020e
21,ESO_103_035,Powerlaw,bat_cutoff_scan,-2.18,900.0,20,20,0,complete,0.5285663604736328,1.8680135213795788,ok,1.8444188449177048,1.3580938277297725,25.0,60.0,3.0,20260919,20,bdebfd28993eaf5b5cf3aa5f97cf51aa0f7f7b9ea0f3e6c3c73202ce1502020e
21,ESO_103_035,Powerlaw,bat_cutoff_scan,-2.18,1000.0,20,20,0,complete,0.1956954002380371,1.8585180403788564,ok,0.675949389276546,0.8221614131522751,25.0,60.0,3.0,20260919,20,bdebfd28993eaf5b5cf3aa5f97cf51aa0f7f7b9ea0f3e6c3c73202ce1502020e
22,AX_J1737_4_2907,Powerlaw,bat_cutoff_scan,-2.21,100.0,20,19,1,inconclusive_fit_failures,0.14945769309997559,1.9768865097526118,ok,,,25.0,60.0,3.0,20260919,20,bdebfd28993eaf5b5cf3aa5f97cf51aa0f7f7b9ea0f3e6c3c73202ce1502020e
22,AX_J1737_4_2907,Powerlaw,bat_cutoff_scan,-2.21,200.0,20,19,1,inconclusive_fit_failures,1.051894187927246,1.9515038161831333,ok,,,25.0,60.0,3.0,20260919,20,bdebfd28993eaf5b5cf3aa5f97cf51aa0f7f7b9ea0f3e6c3c73202ce1502020e
22,AX_J1737_4_2907,Powerlaw,bat_cutoff_scan,-2.21,300.0,20,20,0,complete,0.11538636684417725,1.9333000633210906,ok,0.43127375420716224,0.6567143627233702,25.0,60.0,3.0,20260919,20,bdebfd28993eaf5b5cf3aa5f97cf51aa0f7f7b9ea0f3e6c3c73202ce1502020e
22,AX_J1737_4_2907,Powerlaw,bat_cutoff_scan,-2.21,400.0,20,20,0,complete,1.1511971950531006,1.9195762362735564,ok,4.241900257815918,2.0595873998973477,25.0,60.0,3.0,20260919,20,bdebfd28993eaf5b5cf3aa5f97cf51aa0f7f7b9ea0f3e6c3c73202ce1502020e
22,AX_J1737_4_2907,Powerlaw,bat_cutoff_scan,-2.21,500.0,20,19,1,inconclusive_fit_failures,0.3290586471557617,1.9088102525572006,ok,,,25.0,60.0,3.0,20260919,20,bdebfd28993eaf5b5cf3aa5f97cf51aa0f7f7b9ea0f3e6c3c73202ce1502020e
22,AX_J1737_4_2907,Powerlaw,bat_cutoff_scan,-2.21,600.0,20,20,0,complete,0.03915810585021973,1.9001031896592002,ok,0.14137611724032378,0.3760001559046536,25.0,60.0,3.0,20260919,20,bdebfd28993eaf5b5cf3aa5f97cf51aa0f7f7b9ea0f3e6c3c73202ce1502020e
22,AX_J1737_4_2907,Powerlaw,bat_cutoff_scan,-2.21,700.0,20,20,0,complete,0.4511082172393799,1.8928924476841145,ok,1.6163396070374814,1.2713534548021967,25.0,60.0,3.0,20260919,20,bdebfd28993eaf5b5cf3aa5f97cf51aa0f7f7b9ea0f3e6c3c73202ce1502020e
22,AX_J1737_4_2907,Powerlaw,bat_cutoff_scan,-2.21,800.0,20,20,0,complete,0.19233977794647217,1.8868072678693395,ok,0.6847376235348933,0.8274887452617669,25.0,60.0,3.0,20260919,20,bdebfd28993eaf5b5cf3aa5f97cf51aa0f7f7b9ea0f3e6c3c73202ce1502020e
22,AX_J1737_4_2907,Powerlaw,bat_cutoff_scan,-2.21,900.0,20,20,0,complete,0.7614721059799194,1.881592640516605,ok,2.6959088878465423,1.6419223148025432,25.0,60.0,3.0,20260919,20,bdebfd28993eaf5b5cf3aa5f97cf51aa0f7f7b9ea0f3e6c3c73202ce1502020e
22,AX_J1737_4_2907,Powerlaw,bat_cutoff_scan,-2.21,1000.0,20,20,0,complete,0.2880748510360718,1.8770668843452616,ok,1.0149971940821052,1.0074706914258624,25.0,60.0,3.0,20260919,20,bdebfd28993eaf5b5cf3aa5f97cf51aa0f7f7b9ea0f3e6c3c73202ce1502020e
23,Mrk_926,Powerlaw,bat_cutoff_scan,-1.92,100.0,20,19,1,inconclusive_fit_failures,0.27477002143859863,1.4905757982220007,ok,,,25.0,60.0,3.0,20260919,20,bdebfd28993eaf5b5cf3aa5f97cf51aa0f7f7b9ea0f3e6c3c73202ce1502020e
23,Mrk_926,Powerlaw,bat_cutoff_scan,-1.92,200.0,20,20,0,complete,2.3228507041931152,1.4825960835581298,ok,5.105837568647571,2.259610047917023,25.0,60.0,3.0,20260919,20,bdebfd28993eaf5b5cf3aa5f97cf51aa0f7f7b9ea0f3e6c3c73202ce1502020e
23,Mrk_926,Powerlaw,bat_cutoff_scan,-1.92,300.0,20,20,0,complete,2.339697241783142,1.4766190894053244,ok,5.1014850731516805,2.2586467349171007,25.0,60.0,3.0,20260919,20,bdebfd28993eaf5b5cf3aa5f97cf51aa0f7f7b9ea0f3e6c3c73202ce1502020e
23,Mrk_926,Powerlaw,bat_cutoff_scan,-1.92,400.0,20,20,0,complete,2.064289093017578,1.4719926223521973,ok,4.472823742301167,2.1149051378965362,25.0,60.0,3.0,20260919,20,bdebfd28993eaf5b5cf3aa5f97cf51aa0f7f7b9ea0f3e6c3c73202ce1502020e
23,Mrk_926,Powerlaw,bat_cutoff_scan,-1.92,500.0,20,20,0,complete,3.3754191398620605,1.4682914645451852,ok,7.276998024062236,2.6975911521322566,25.0,60.0,3.0,20260919,20,bdebfd28993eaf5b5cf3aa5f97cf51aa0f7f7b9ea0f3e6c3c73202ce1502020e
23,Mrk_926,Powerlaw,bat_cutoff_scan,-1.92,600.0,20,20,0,complete,2.7346569299697876,1.4652508461616573,ok,5.8711991577088,2.423055747957277,25.0,60.0,3.0,20260919,20,bdebfd28993eaf5b5cf3aa5f97cf51aa0f7f7b9ea0f3e6c3c73202ce1502020e
23,Mrk_926,Powerlaw,bat_cutoff_scan,-1.92,700.0,20,20,0,complete,3.1735323667526245,1.462699691344697,ok,6.7897419916906046,2.6057133364379523,25.0,60.0,3.0,20260919,20,bdebfd28993eaf5b5cf3aa5f97cf51aa0f7f7b9ea0f3e6c3c73202ce1502020e
23,Mrk_926,Powerlaw,bat_cutoff_scan,-1.92,800.0,20,20,0,complete,3.947109341621399,1.4605226097479724,ok,8.419682720267696,2.901668954286084,25.0,60.0,3.0,20260919,20,bdebfd28993eaf5b5cf3aa5f97cf51aa0f7f7b9ea0f3e6c3c73202ce1502020e
23,Mrk_926,Powerlaw,bat_cutoff_scan,-1.92,900.0,20,20,0,complete,4.527369141578674,1.4586387585298308,ok,9.632552950837319,3.1036354410331954,25.0,60.0,3.0,20260919,20,bdebfd28993eaf5b5cf3aa5f97cf51aa0f7f7b9ea0f3e6c3c73202ce1502020e
23,Mrk_926,Powerlaw,bat_cutoff_scan,-1.92,1000.0,20,20,0,complete,3.307356119155884,1.4569896524441623,ok,7.020917904574202,2.64970147461449,25.0,60.0,3.0,20260919,20,bdebfd28993eaf5b5cf3aa5f97cf51aa0f7f7b9ea0f3e6c3c73202ce1502020e
24,BAT_3C_120,Powerlaw,bat_cutoff_scan,-1.97,100.0,20,19,1,inconclusive_fit_failures,0.06324148178100586,1.483031912920104,ok,,,25.0,60.0,3.0,20260919,20,bdebfd28993eaf5b5cf3aa5f97cf51aa0f7f7b9ea0f3e6c3c73202ce1502020e
24,BAT_3C_120,Powerlaw,bat_cutoff_scan,-1.97,200.0,20,20,0,complete,0.19694554805755615,1.4737977820123709,ok,0.4277814667763015,0.6540500491371448,25.0,60.0,3.0,20260919,20,bdebfd28993eaf5b5cf3aa5f97cf51aa0f7f7b9ea0f3e6c3c73202ce1502020e
24,BAT_3C_120,Powerlaw,bat_cutoff_scan,-1.97,300.0,20,19,1,inconclusive_fit_failures,2.3489990234375,1.4668020053441053,ok,,,25.0,60.0,3.0,20260919,20,bdebfd28993eaf5b5cf3aa5f97cf51aa0f7f7b9ea0f3e6c3c73202ce1502020e
24,BAT_3C_120,Powerlaw,bat_cutoff_scan,-1.97,400.0,20,20,0,complete,2.467759847640991,1.461348379596587,ok,5.269997610854949,2.295647536285775,25.0,60.0,3.0,20260919,20,bdebfd28993eaf5b5cf3aa5f97cf51aa0f7f7b9ea0f3e6c3c73202ce1502020e
24,BAT_3C_120,Powerlaw,bat_cutoff_scan,-1.97,500.0,20,20,0,complete,2.331808090209961,1.4569660285628794,ok,4.949845643048411,2.2248248567130875,25.0,60.0,3.0,20260919,20,bdebfd28993eaf5b5cf3aa5f97cf51aa0f7f7b9ea0f3e6c3c73202ce1502020e
24,BAT_3C_120,Powerlaw,bat_cutoff_scan,-1.97,600.0,20,20,0,complete,2.64375102519989,1.453355136594656,ok,5.584239713887823,2.3630995988082732,25.0,60.0,3.0,20260919,20,bdebfd28993eaf5b5cf3aa5f97cf51aa0f7f7b9ea0f3e6c3c73202ce1502020e
24,BAT_3C_120,Powerlaw,bat_cutoff_scan,-1.97,700.0,20,20,0,complete,2.216560482978821,1.4503192926967428,ok,4.662371063001395,2.1592524315145263,25.0,60.0,3.0,20260919,20,bdebfd28993eaf5b5cf3aa5f97cf51aa0f7f7b9ea0f3e6c3c73202ce1502020e
24,BAT_3C_120,Powerlaw,bat_cutoff_scan,-1.97,800.0,20,20,0,complete,4.561832427978516,1.4477247838499636,ok,9.561176745685186,3.0921152542693466,25.0,60.0,3.0,20260919,20,bdebfd28993eaf5b5cf3aa5f97cf51aa0f7f7b9ea0f3e6c3c73202ce1502020e
24,BAT_3C_120,Powerlaw,bat_cutoff_scan,-1.97,900.0,20,20,0,complete,3.377770781517029,1.4454773084661054,ok,7.057529975139004,2.6566012073962106,25.0,60.0,3.0,20260919,20,bdebfd28993eaf5b5cf3aa5f97cf51aa0f7f7b9ea0f3e6c3c73202ce1502020e
24,BAT_3C_120,Powerlaw,bat_cutoff_scan,-1.97,1000.0,20,20,0,complete,2.7715542316436768,1.4435083077166364,ok,5.7751325471260655,2.4031505460803047,25.0,60.0,3.0,20260919,20,bdebfd28993eaf5b5cf3aa5f97cf51aa0f7f7b9ea0f3e6c3c73202ce1502020e
25,MR_2251_178,Powerlaw,bat_cutoff_scan,-2.02,100.0,20,18,2,inconclusive_fit_failures,0.3146418333053589,1.5025899703789276,ok,,,25.0,60.0,3.0,20260919,20,bdebfd28993eaf5b5cf3aa5f97cf51aa0f7f7b9ea0f3e6c3c73202ce1502020e
25,MR_2251_178,Powerlaw,bat_cutoff_scan,-2.02,200.0,20,20,0,complete,0.45518195629119873,1.4941850584308747,ok,1.016234223533505,1.0080844327403855,25.0,60.0,3.0,20260919,20,bdebfd28993eaf5b5cf3aa5f97cf51aa0f7f7b9ea0f3e6c3c73202ce1502020e
25,MR_2251_178,Powerlaw,bat_cutoff_scan,-2.02,300.0,20,20,0,complete,0.35564756393432617,1.487994499862822,ok,0.7874490984260469,0.8873832872136183,25.0,60.0,3.0,20260919,20,bdebfd28993eaf5b5cf3aa5f97cf51aa0f7f7b9ea0f3e6c3c73202ce1502020e
25,MR_2251_178,Powerlaw,bat_cutoff_scan,-2.02,400.0,20,20,0,complete,3.087794065475464,1.4832540402937706,ok,6.793278323655498,2.6063918208234726,25.0,60.0,3.0,20260919,20,bdebfd28993eaf5b5cf3aa5f97cf51aa0f7f7b9ea0f3e6c3c73202ce1502020e
25,MR_2251_178,Powerlaw,bat_cutoff_scan,-2.02,500.0,20,20,0,complete,1.403158187866211,1.4794915494854577,ok,3.0713662854015946,1.7525313935566447,25.0,60.0,3.0,20260919,20,bdebfd28993eaf5b5cf3aa5f97cf51aa0f7f7b9ea0f3e6c3c73202ce1502020e
25,MR_2251_178,Powerlaw,bat_cutoff_scan,-2.02,600.0,20,19,1,inconclusive_fit_failures,1.7022454738616943,1.4764196502926947,ok,,,25.0,60.0,3.0,20260919,20,bdebfd28993eaf5b5cf3aa5f97cf51aa0f7f7b9ea0f3e6c3c73202ce1502020e
25,MR_2251_178,Powerlaw,bat_cutoff_scan,-2.02,700.0,20,20,0,complete,0.962241530418396,1.473855286693423,ok,2.0902285929897335,1.4457622878570784,25.0,60.0,3.0,20260919,20,bdebfd28993eaf5b5cf3aa5f97cf51aa0f7f7b9ea0f3e6c3c73202ce1502020e
25,MR_2251_178,Powerlaw,bat_cutoff_scan,-2.02,800.0,20,20,0,complete,4.101857423782349,1.471676261206403,ok,8.88393003901468,2.9805922295769816,25.0,60.0,3.0,20260919,20,bdebfd28993eaf5b5cf3aa5f97cf51aa0f7f7b9ea0f3e6c3c73202ce1502020e
25,MR_2251_178,Powerlaw,bat_cutoff_scan,-2.02,900.0,20,20,0,complete,1.753684401512146,1.469797652306626,ok,3.7884934242904404,1.9464052569520152,25.0,60.0,3.0,20260919,20,bdebfd28993eaf5b5cf3aa5f97cf51aa0f7f7b9ea0f3e6c3c73202ce1502020e
25,MR_2251_178,Powerlaw,bat_cutoff_scan,-2.02,1000.0,20,20,0,complete,3.060198187828064,1.4681584277863686,ok,6.5962240491020685,2.5683115171454705,25.0,60.0,3.0,20260919,20,bdebfd28993eaf5b5cf3aa5f97cf51aa0f7f7b9ea0f3e6c3c73202ce1502020e
26,NGC_6300,Cutoff_powerlaw,balokovic_fixed,-1.85,209.99999999999991,20,20,0,complete,0.15651094913482666,1.9201824774895988,ok,0.5770716374464885,0.7596523135267137,25.0,60.0,3.0,20260919,20,bdebfd28993eaf5b5cf3aa5f97cf51aa0f7f7b9ea0f3e6c3c73202ce1502020e
27,Mrk_509,Powerlaw,bat_cutoff_scan,-2.08,100.0,20,20,0,complete,0.20668089389801025,1.6176820125640603,ok,0.5408622172183848,0.7354333533491562,25.0,60.0,3.0,20260919,20,bdebfd28993eaf5b5cf3aa5f97cf51aa0f7f7b9ea0f3e6c3c73202ce1502020e
27,Mrk_509,Powerlaw,bat_cutoff_scan,-2.08,200.0,20,19,1,inconclusive_fit_failures,0.19405221939086914,1.6117384617563948,ok,,,25.0,60.0,3.0,20260919,20,bdebfd28993eaf5b5cf3aa5f97cf51aa0f7f7b9ea0f3e6c3c73202ce1502020e
27,Mrk_509,Powerlaw,bat_cutoff_scan,-2.08,300.0,20,20,0,complete,0.911550760269165,1.6073137329656884,ok,2.3549525900729944,1.5345854782556083,25.0,60.0,3.0,20260919,20,bdebfd28993eaf5b5cf3aa5f97cf51aa0f7f7b9ea0f3e6c3c73202ce1502020e
27,Mrk_509,Powerlaw,bat_cutoff_scan,-2.08,400.0,20,19,1,inconclusive_fit_failures,1.4455440044403076,1.6038912928642715,ok,,,25.0,60.0,3.0,20260919,20,bdebfd28993eaf5b5cf3aa5f97cf51aa0f7f7b9ea0f3e6c3c73202ce1502020e
27,Mrk_509,Powerlaw,bat_cutoff_scan,-2.08,500.0,20,20,0,complete,2.4742207527160645,1.6011542100066862,ok,6.343146888236755,2.5185604793684737,25.0,60.0,3.0,20260919,20,bdebfd28993eaf5b5cf3aa5f97cf51aa0f7f7b9ea0f3e6c3c73202ce1502020e
27,Mrk_509,Powerlaw,bat_cutoff_scan,-2.08,600.0,20,19,1,inconclusive_fit_failures,0.7828950881958008,1.598906554837111,ok,,,25.0,60.0,3.0,20260919,20,bdebfd28993eaf5b5cf3aa5f97cf51aa0f7f7b9ea0f3e6c3c73202ce1502020e
27,Mrk_509,Powerlaw,bat_cutoff_scan,-2.08,700.0,20,20,0,complete,3.0293350219726562,1.5970217736002976,ok,7.726253980229052,2.7796139984229917,25.0,60.0,3.0,20260919,20,bdebfd28993eaf5b5cf3aa5f97cf51aa0f7f7b9ea0f3e6c3c73202ce1502020e
27,Mrk_509,Powerlaw,bat_cutoff_scan,-2.08,800.0,20,20,0,complete,0.8545670509338379,1.595414431899475,ok,2.175169858436304,1.4748457066541925,25.0,60.0,3.0,20260919,20,bdebfd28993eaf5b5cf3aa5f97cf51aa0f7f7b9ea0f3e6c3c73202ce1502020e
27,Mrk_509,Powerlaw,bat_cutoff_scan,-2.08,900.0,20,20,0,complete,2.5122087001800537,1.5940246157801026,ok,6.3833074522993964,2.5265208196845315,25.0,60.0,3.0,20260919,20,bdebfd28993eaf5b5cf3aa5f97cf51aa0f7f7b9ea0f3e6c3c73202ce1502020e
27,Mrk_509,Powerlaw,bat_cutoff_scan,-2.08,1000.0,20,20,0,complete,1.4156254529953003,1.5928089445300435,ok,3.591498871767457,1.895125028004078,25.0,60.0,3.0,20260919,20,bdebfd28993eaf5b5cf3aa5f97cf51aa0f7f7b9ea0f3e6c3c73202ce1502020e
28,NGC_3516,Powerlaw,bat_cutoff_scan,-1.86,100.0,20,19,1,inconclusive_fit_failures,0.46189379692077637,1.8756480891669354,ok,,,25.0,60.0,3.0,20260919,20,bdebfd28993eaf5b5cf3aa5f97cf51aa0f7f7b9ea0f3e6c3c73202ce1502020e
28,NGC_3516,Powerlaw,bat_cutoff_scan,-1.86,200.0,20,20,0,complete,0.5706779956817627,1.813043328427053,ok,1.8758905404381934,1.3696315345516084,25.0,60.0,3.0,20260919,20,bdebfd28993eaf5b5cf3aa5f97cf51aa0f7f7b9ea0f3e6c3c73202ce1502020e
28,NGC_3516,Powerlaw,bat_cutoff_scan,-1.86,300.0,20,20,0,complete,0.4484531879425049,1.7657108090664613,ok,1.3981580479982634,1.182437333645324,25.0,60.0,3.0,20260919,20,bdebfd28993eaf5b5cf3aa5f97cf51aa0f7f7b9ea0f3e6c3c73202ce1502020e
28,NGC_3516,Powerlaw,bat_cutoff_scan,-1.86,400.0,20,19,1,inconclusive_fit_failures,0.4153780937194824,1.7293682028718058,ok,,,25.0,60.0,3.0,20260919,20,bdebfd28993eaf5b5cf3aa5f97cf51aa0f7f7b9ea0f3e6c3c73202ce1502020e
28,NGC_3516,Powerlaw,bat_cutoff_scan,-1.86,500.0,20,20,0,complete,0.772851824760437,1.7006270530352308,ok,2.2351897823200284,1.495055110128061,25.0,60.0,3.0,20260919,20,bdebfd28993eaf5b5cf3aa5f97cf51aa0f7f7b9ea0f3e6c3c73202ce1502020e
28,NGC_3516,Powerlaw,bat_cutoff_scan,-1.86,600.0,20,20,0,complete,0.150826096534729,1.6772871575460149,ok,0.4243178822752451,0.6513968700226038,25.0,60.0,3.0,20260919,20,bdebfd28993eaf5b5cf3aa5f97cf51aa0f7f7b9ea0f3e6c3c73202ce1502020e
28,NGC_3516,Powerlaw,bat_cutoff_scan,-1.86,700.0,20,19,1,inconclusive_fit_failures,0.6384413242340088,1.6579137497874632,ok,,,25.0,60.0,3.0,20260919,20,bdebfd28993eaf5b5cf3aa5f97cf51aa0f7f7b9ea0f3e6c3c73202ce1502020e
28,NGC_3516,Powerlaw,bat_cutoff_scan,-1.86,800.0,20,20,0,complete,0.09420251846313477,1.641540926847171,ok,0.2538434394805887,0.5038287799248755,25.0,60.0,3.0,20260919,20,bdebfd28993eaf5b5cf3aa5f97cf51aa0f7f7b9ea0f3e6c3c73202ce1502020e
28,NGC_3516,Powerlaw,bat_cutoff_scan,-1.86,900.0,20,20,0,complete,0.717559814453125,1.6274962508008826,ok,1.9006322864477434,1.378634210531475,25.0,60.0,3.0,20260919,20,bdebfd28993eaf5b5cf3aa5f97cf51aa0f7f7b9ea0f3e6c3c73202ce1502020e
28,NGC_3516,Powerlaw,bat_cutoff_scan,-1.86,1000.0,20,20,0,complete,1.0598026514053345,1.6152971924360897,ok,2.7652212020885307,1.6628954272859526,25.0,60.0,3.0,20260919,20,bdebfd28993eaf5b5cf3aa5f97cf51aa0f7f7b9ea0f3e6c3c73202ce1502020e
29,BAT_3C_390_3,Powerlaw,bat_cutoff_scan,-1.96,100.0,20,19,1,inconclusive_fit_failures,0.0,1.3631402778145774,ok,,,25.0,60.0,3.0,20260919,20,bdebfd28993eaf5b5cf3aa5f97cf51aa0f7f7b9ea0f3e6c3c73202ce1502020e
29,BAT_3C_390_3,Powerlaw,bat_cutoff_scan,-1.96,200.0,20,20,0,complete,0.08397531509399414,1.3052387050119454,ok,0.14306438408049652,0.3782385280223268,25.0,60.0,3.0,20260919,20,bdebfd28993eaf5b5cf3aa5f97cf51aa0f7f7b9ea0f3e6c3c73202ce1502020e
29,BAT_3C_390_3,Powerlaw,bat_cutoff_scan,-1.96,300.0,20,20,0,complete,0.18276464939117432,1.263767148451808,ok,0.2918947750073547,0.540272870878554,25.0,60.0,3.0,20260919,20,bdebfd28993eaf5b5cf3aa5f97cf51aa0f7f7b9ea0f3e6c3c73202ce1502020e
29,BAT_3C_390_3,Powerlaw,bat_cutoff_scan,-1.96,400.0,20,20,0,complete,0.3199436664581299,1.2329226205695551,ok,0.48634578774493376,0.6973849638076044,25.0,60.0,3.0,20260919,20,bdebfd28993eaf5b5cf3aa5f97cf51aa0f7f7b9ea0f3e6c3c73202ce1502020e
29,BAT_3C_390_3,Powerlaw,bat_cutoff_scan,-1.96,500.0,20,19,1,inconclusive_fit_failures,0.12021732330322266,1.2090584663184183,ok,,,25.0,60.0,3.0,20260919,20,bdebfd28993eaf5b5cf3aa5f97cf51aa0f7f7b9ea0f3e6c3c73202ce1502020e
29,BAT_3C_390_3,Powerlaw,bat_cutoff_scan,-1.96,600.0,20,20,0,complete,0.27952802181243896,1.1899931569601692,ok,0.39583507918678307,0.6291542570679969,25.0,60.0,3.0,20260919,20,bdebfd28993eaf5b5cf3aa5f97cf51aa0f7f7b9ea0f3e6c3c73202ce1502020e
29,BAT_3C_390_3,Powerlaw,bat_cutoff_scan,-1.96,700.0,20,19,1,inconclusive_fit_failures,0.4666554927825928,1.1743693187987378,ok,,,25.0,60.0,3.0,20260919,20,bdebfd28993eaf5b5cf3aa5f97cf51aa0f7f7b9ea0f3e6c3c73202ce1502020e
29,BAT_3C_390_3,Powerlaw,bat_cutoff_scan,-1.96,800.0,20,18,2,inconclusive_fit_failures,0.600178599357605,1.1613019622727139,ok,,,25.0,60.0,3.0,20260919,20,bdebfd28993eaf5b5cf3aa5f97cf51aa0f7f7b9ea0f3e6c3c73202ce1502020e
29,BAT_3C_390_3,Powerlaw,bat_cutoff_scan,-1.96,900.0,20,20,0,complete,0.27387428283691406,1.1501895141350067,ok,0.3623181258981486,0.6019286717694619,25.0,60.0,3.0,20260919,20,bdebfd28993eaf5b5cf3aa5f97cf51aa0f7f7b9ea0f3e6c3c73202ce1502020e
29,BAT_3C_390_3,Powerlaw,bat_cutoff_scan,-1.96,1000.0,20,20,0,complete,0.46352291107177734,1.1406083142216819,ok,0.6030374328336173,0.7765548485674514,25.0,60.0,3.0,20260919,20,bdebfd28993eaf5b5cf3aa5f97cf51aa0f7f7b9ea0f3e6c3c73202ce1502020e
30,IRAS_05078_1626,Powerlaw,bat_cutoff_scan,-2.11,100.0,20,20,0,complete,0.2941998243331909,1.4941612348753912,ok,0.6568063433463636,0.8104358971234946,25.0,60.0,3.0,20260919,20,bdebfd28993eaf5b5cf3aa5f97cf51aa0f7f7b9ea0f3e6c3c73202ce1502020e
30,IRAS_05078_1626,Powerlaw,bat_cutoff_scan,-2.11,200.0,20,20,0,complete,0.9449479579925537,1.4843080643361444,ok,2.0818813987994638,1.4428726204344802,25.0,60.0,3.0,20260919,20,bdebfd28993eaf5b5cf3aa5f97cf51aa0f7f7b9ea0f3e6c3c73202ce1502020e
30,IRAS_05078_1626,Powerlaw,bat_cutoff_scan,-2.11,300.0,20,19,1,inconclusive_fit_failures,0.2164764404296875,1.4770728038066925,ok,,,25.0,60.0,3.0,20260919,20,bdebfd28993eaf5b5cf3aa5f97cf51aa0f7f7b9ea0f3e6c3c73202ce1502020e
30,IRAS_05078_1626,Powerlaw,bat_cutoff_scan,-2.11,400.0,20,20,0,complete,0.13433837890625,1.4715290955276237,ok,0.2908960407497892,0.5393477920134551,25.0,60.0,3.0,20260919,20,bdebfd28993eaf5b5cf3aa5f97cf51aa0f7f7b9ea0f3e6c3c73202ce1502020e
30,IRAS_05078_1626,Powerlaw,bat_cutoff_scan,-2.11,500.0,20,20,0,complete,1.0882306098937988,1.4671269317204032,ok,2.342374418854555,1.5304817603795724,25.0,60.0,3.0,20260919,20,bdebfd28993eaf5b5cf3aa5f97cf51aa0f7f7b9ea0f3e6c3c73202ce1502020e
30,IRAS_05078_1626,Powerlaw,bat_cutoff_scan,-2.11,600.0,20,20,0,complete,1.042128562927246,1.4635321591281583,ok,2.232162661121488,1.4940423893322063,25.0,60.0,3.0,20260919,20,bdebfd28993eaf5b5cf3aa5f97cf51aa0f7f7b9ea0f3e6c3c73202ce1502020e
30,IRAS_05078_1626,Powerlaw,bat_cutoff_scan,-2.11,700.0,20,20,0,complete,1.210191011428833,1.460531519622471,ok,2.581521763443502,1.6067114748589748,25.0,60.0,3.0,20260919,20,bdebfd28993eaf5b5cf3aa5f97cf51aa0f7f7b9ea0f3e6c3c73202ce1502020e
30,IRAS_05078_1626,Powerlaw,bat_cutoff_scan,-2.11,800.0,20,20,0,complete,1.6772814989089966,1.4579823619882486,ok,3.5654183620847273,1.888231543557285,25.0,60.0,3.0,20260919,20,bdebfd28993eaf5b5cf3aa5f97cf51aa0f7f7b9ea0f3e6c3c73202ce1502020e
30,IRAS_05078_1626,Powerlaw,bat_cutoff_scan,-2.11,900.0,20,20,0,complete,3.840914487838745,1.4557853838696737,ok,8.140092646344854,2.853084759754756,25.0,60.0,3.0,20260919,20,bdebfd28993eaf5b5cf3aa5f97cf51aa0f7f7b9ea0f3e6c3c73202ce1502020e
30,IRAS_05078_1626,Powerlaw,bat_cutoff_scan,-2.11,1000.0,20,20,0,complete,1.0721100568771362,1.4538691259233096,ok,2.266157017776648,1.5053760386616521,25.0,60.0,3.0,20260919,20,bdebfd28993eaf5b5cf3aa5f97cf51aa0f7f7b9ea0f3e6c3c73202ce1502020e
31,NGC_5548,Powerlaw,bat_cutoff_scan,-1.89,100.0,20,19,1,inconclusive_fit_failures,0.14698028564453125,2.031908360295144,ok,,,25.0,60.0,3.0,20260919,20,bdebfd28993eaf5b5cf3aa5f97cf51aa0f7f7b9ea0f3e6c3c73202ce1502020e
31,NGC_5548,Powerlaw,bat_cutoff_scan,-1.89,200.0,20,20,0,complete,0.13143765926361084,1.991079422463671,ok,0.5210710971074756,0.7218525452663276,25.0,60.0,3.0,20260919,20,bdebfd28993eaf5b5cf3aa5f97cf51aa0f7f7b9ea0f3e6c3c73202ce1502020e
31,NGC_5548,Powerlaw,bat_cutoff_scan,-1.89,300.0,20,19,1,inconclusive_fit_failures,0.5316479206085205,1.9610676152290785,ok,,,25.0,60.0,3.0,20260919,20,bdebfd28993eaf5b5cf3aa5f97cf51aa0f7f7b9ea0f3e6c3c73202ce1502020e
31,NGC_5548,Powerlaw,bat_cutoff_scan,-1.89,400.0,20,20,0,complete,0.1548316478729248,1.938263748260534,ok,0.5816818090197747,0.7626806730341177,25.0,60.0,3.0,20260919,20,bdebfd28993eaf5b5cf3aa5f97cf51aa0f7f7b9ea0f3e6c3c73202ce1502020e
31,NGC_5548,Powerlaw,bat_cutoff_scan,-1.89,500.0,20,19,1,inconclusive_fit_failures,0.7818105220794678,1.9203010872717363,ok,,,25.0,60.0,3.0,20260919,20,bdebfd28993eaf5b5cf3aa5f97cf51aa0f7f7b9ea0f3e6c3c73202ce1502020e
31,NGC_5548,Powerlaw,bat_cutoff_scan,-1.89,600.0,20,20,0,complete,0.02970278263092041,1.9057312948003964,ok,0.10787491550077608,0.3284431693623359,25.0,60.0,3.0,20260919,20,bdebfd28993eaf5b5cf3aa5f97cf51aa0f7f7b9ea0f3e6c3c73202ce1502020e
31,NGC_5548,Powerlaw,bat_cutoff_scan,-1.89,700.0,20,20,0,complete,0.04042208194732666,1.8936359483512264,ok,0.14494780974518823,0.3807201199637185,25.0,60.0,3.0,20260919,20,bdebfd28993eaf5b5cf3aa5f97cf51aa0f7f7b9ea0f3e6c3c73202ce1502020e
31,NGC_5548,Powerlaw,bat_cutoff_scan,-1.89,800.0,20,19,1,inconclusive_fit_failures,1.355663776397705,1.8834060936802,ok,,,25.0,60.0,3.0,20260919,20,bdebfd28993eaf5b5cf3aa5f97cf51aa0f7f7b9ea0f3e6c3c73202ce1502020e
31,NGC_5548,Powerlaw,bat_cutoff_scan,-1.89,900.0,20,19,1,inconclusive_fit_failures,1.207841396331787,1.8746215039640737,ok,,,25.0,60.0,3.0,20260919,20,bdebfd28993eaf5b5cf3aa5f97cf51aa0f7f7b9ea0f3e6c3c73202ce1502020e
31,NGC_5548,Powerlaw,bat_cutoff_scan,-1.89,1000.0,20,20,0,complete,1.0715007781982422,1.8669821870904106,ok,3.734847207232457,1.9325752785421986,25.0,60.0,3.0,20260919,20,bdebfd28993eaf5b5cf3aa5f97cf51aa0f7f7b9ea0f3e6c3c73202ce1502020e
32,HB89_0241_622,Powerlaw,bat_cutoff_scan,-1.95,100.0,20,18,2,inconclusive_fit_failures,0.03256845474243164,1.730971120564642,ok,,,25.0,60.0,3.0,20260919,20,bdebfd28993eaf5b5cf3aa5f97cf51aa0f7f7b9ea0f3e6c3c73202ce1502020e
32,HB89_0241_622,Powerlaw,bat_cutoff_scan,-1.95,200.0,20,20,0,complete,0.11258590221405029,1.6912451197283622,ok,0.322030588154658,0.5674773899942253,25.0,60.0,3.0,20260919,20,bdebfd28993eaf5b5cf3aa5f97cf51aa0f7f7b9ea0f3e6c3c73202ce1502020e
32,HB89_0241_622,Powerlaw,bat_cutoff_scan,-1.95,300.0,20,19,1,inconclusive_fit_failures,0.3112180233001709,1.6622670711466945,ok,,,25.0,60.0,3.0,20260919,20,bdebfd28993eaf5b5cf3aa5f97cf51aa0f7f7b9ea0f3e6c3c73202ce1502020e
32,HB89_0241_622,Powerlaw,bat_cutoff_scan,-1.95,400.0,20,20,0,complete,1.205784559249878,1.6403087979184836,ok,3.2442995530769285,1.8011939243393336,25.0,60.0,3.0,20260919,20,bdebfd28993eaf5b5cf3aa5f97cf51aa0f7f7b9ea0f3e6c3c73202ce1502020e
32,HB89_0241_622,Powerlaw,bat_cutoff_scan,-1.95,500.0,20,20,0,complete,0.8894590139389038,1.6230414290070867,ok,2.3430693976192134,1.5307087892931213,25.0,60.0,3.0,20260919,20,bdebfd28993eaf5b5cf3aa5f97cf51aa0f7f7b9ea0f3e6c3c73202ce1502020e
32,HB89_0241_622,Powerlaw,bat_cutoff_scan,-1.95,600.0,20,20,0,complete,0.467678427696228,1.6090538451735537,ok,1.2108448333321908,1.1003839481436426,25.0,60.0,3.0,20260919,20,bdebfd28993eaf5b5cf3aa5f97cf51aa0f7f7b9ea0f3e6c3c73202ce1502020e
32,HB89_0241_622,Powerlaw,bat_cutoff_scan,-1.95,700.0,20,19,1,inconclusive_fit_failures,0.39228177070617676,1.5974546019798972,ok,,,25.0,60.0,3.0,20260919,20,bdebfd28993eaf5b5cf3aa5f97cf51aa0f7f7b9ea0f3e6c3c73202ce1502020e
32,HB89_0241_622,Powerlaw,bat_cutoff_scan,-1.95,800.0,20,19,1,inconclusive_fit_failures,1.5986554622650146,1.5876538316326299,ok,,,25.0,60.0,3.0,20260919,20,bdebfd28993eaf5b5cf3aa5f97cf51aa0f7f7b9ea0f3e6c3c73202ce1502020e
32,HB89_0241_622,Powerlaw,bat_cutoff_scan,-1.95,900.0,20,20,0,complete,1.4599635601043701,1.5792450298967828,ok,3.641170820461028,1.9081852164978712,25.0,60.0,3.0,20260919,20,bdebfd28993eaf5b5cf3aa5f97cf51aa0f7f7b9ea0f3e6c3c73202ce1502020e
32,HB89_0241_622,Powerlaw,bat_cutoff_scan,-1.95,1000.0,20,20,0,complete,0.493770956993103,1.5719383023773388,ok,1.2201031100959117,1.1045827764798397,25.0,60.0,3.0,20260919,20,bdebfd28993eaf5b5cf3aa5f97cf51aa0f7f7b9ea0f3e6c3c73202ce1502020e
33,NGC_5728,Cutoff_powerlaw,balokovic_fixed,-1.3,79.99999999999999,20,19,1,inconclusive_fit_failures,0.18581342697143555,1.9510286255588887,ok,,,25.0,60.0,3.0,20260919,20,bdebfd28993eaf5b5cf3aa5f97cf51aa0f7f7b9ea0f3e6c3c73202ce1502020e
34,NGC_3081,Powerlaw,bat_cutoff_scan,-1.78,100.0,20,20,0,complete,0.3716956377029419,1.5864288828158488,ok,0.9354674494664483,0.9671956624522509,25.0,60.0,3.0,20260919,20,bdebfd28993eaf5b5cf3aa5f97cf51aa0f7f7b9ea0f3e6c3c73202ce1502020e
34,NGC_3081,Powerlaw,bat_cutoff_scan,-1.78,200.0,20,20,0,complete,0.6712349653244019,1.5783723053476777,ok,1.6722202386182694,1.2931435491152052,25.0,60.0,3.0,20260919,20,bdebfd28993eaf5b5cf3aa5f97cf51aa0f7f7b9ea0f3e6c3c73202ce1502020e
34,NGC_3081,Powerlaw,bat_cutoff_scan,-1.78,300.0,20,20,0,complete,0.781353235244751,1.5722555635072957,ok,1.9314954751308129,1.3897825279988278,25.0,60.0,3.0,20260919,20,bdebfd28993eaf5b5cf3aa5f97cf51aa0f7f7b9ea0f3e6c3c73202ce1502020e
34,NGC_3081,Powerlaw,bat_cutoff_scan,-1.78,400.0,20,20,0,complete,1.4814220666885376,1.567454000909181,ok,3.639723719325788,1.907805996249563,25.0,60.0,3.0,20260919,20,bdebfd28993eaf5b5cf3aa5f97cf51aa0f7f7b9ea0f3e6c3c73202ce1502020e
34,NGC_3081,Powerlaw,bat_cutoff_scan,-1.78,500.0,20,20,0,complete,2.5979180335998535,1.563568360159336,ok,6.3512497648534625,2.5201685984976208,25.0,60.0,3.0,20260919,20,bdebfd28993eaf5b5cf3aa5f97cf51aa0f7f7b9ea0f3e6c3c73202ce1502020e
34,NGC_3081,Powerlaw,bat_cutoff_scan,-1.78,600.0,20,19,1,inconclusive_fit_failures,3.2074618339538574,1.5603460481321791,ok,,,25.0,60.0,3.0,20260919,20,bdebfd28993eaf5b5cf3aa5f97cf51aa0f7f7b9ea0f3e6c3c73202ce1502020e
34,NGC_3081,Powerlaw,bat_cutoff_scan,-1.78,700.0,20,20,0,complete,2.5396745204925537,1.557621179326536,ok,6.161717022159824,2.4822806090689715,25.0,60.0,3.0,20260919,20,bdebfd28993eaf5b5cf3aa5f97cf51aa0f7f7b9ea0f3e6c3c73202ce1502020e
34,NGC_3081,Powerlaw,bat_cutoff_scan,-1.78,800.0,20,17,3,inconclusive_fit_failures,3.6266167163848877,1.5552802920096973,ok,,,25.0,60.0,3.0,20260919,20,bdebfd28993eaf5b5cf3aa5f97cf51aa0f7f7b9ea0f3e6c3c73202ce1502020e
34,NGC_3081,Powerlaw,bat_cutoff_scan,-1.78,900.0,20,20,0,complete,1.6307238340377808,1.5532429554117486,ok,3.934225091722882,1.983488112322048,25.0,60.0,3.0,20260919,20,bdebfd28993eaf5b5cf3aa5f97cf51aa0f7f7b9ea0f3e6c3c73202ce1502020e
34,NGC_3081,Powerlaw,bat_cutoff_scan,-1.78,1000.0,20,20,0,complete,3.273626446723938,1.5514504007590362,ok,7.879613442736704,2.807064916017566,25.0,60.0,3.0,20260919,20,bdebfd28993eaf5b5cf3aa5f97cf51aa0f7f7b9ea0f3e6c3c73202ce1502020e
35,BAT_3C_382,Powerlaw,bat_cutoff_scan,-2.02,100.0,20,18,2,inconclusive_fit_failures,0.3912210464477539,1.9172914869569961,ok,,,25.0,60.0,3.0,20260919,20,bdebfd28993eaf5b5cf3aa5f97cf51aa0f7f7b9ea0f3e6c3c73202ce1502020e
35,BAT_3C_382,Powerlaw,bat_cutoff_scan,-2.02,200.0,20,20,0,complete,0.18577206134796143,1.8956617633565822,ok,0.6675781297288627,0.8170545451368976,25.0,60.0,3.0,20260919,20,bdebfd28993eaf5b5cf3aa5f97cf51aa0f7f7b9ea0f3e6c3c73202ce1502020e
35,BAT_3C_382,Powerlaw,bat_cutoff_scan,-2.02,300.0,20,20,0,complete,0.7278797626495361,1.879480218331118,ok,2.571195876784732,1.603494894530298,25.0,60.0,3.0,20260919,20,bdebfd28993eaf5b5cf3aa5f97cf51aa0f7f7b9ea0f3e6c3c73202ce1502020e
35,BAT_3C_382,Powerlaw,bat_cutoff_scan,-2.02,400.0,20,19,1,inconclusive_fit_failures,0.42910051345825195,1.8669822903232098,ok,,,25.0,60.0,3.0,20260919,20,bdebfd28993eaf5b5cf3aa5f97cf51aa0f7f7b9ea0f3e6c3c73202ce1502020e
35,BAT_3C_382,Powerlaw,bat_cutoff_scan,-2.02,500.0,20,20,0,complete,0.7662497758865356,1.857012209999489,ok,2.642408021367791,1.6255485293794802,25.0,60.0,3.0,20260919,20,bdebfd28993eaf5b5cf3aa5f97cf51aa0f7f7b9ea0f3e6c3c73202ce1502020e
35,BAT_3C_382,Powerlaw,bat_cutoff_scan,-2.02,600.0,20,20,0,complete,0.8881534337997437,1.8488456469822967,ok,3.0359129130644935,1.742387130652799,25.0,60.0,3.0,20260919,20,bdebfd28993eaf5b5cf3aa5f97cf51aa0f7f7b9ea0f3e6c3c73202ce1502020e
35,BAT_3C_382,Powerlaw,bat_cutoff_scan,-2.02,700.0,20,20,0,complete,1.5851280689239502,1.8420133735373014,ok,5.378360569798296,2.3191292697472248,25.0,60.0,3.0,20260919,20,bdebfd28993eaf5b5cf3aa5f97cf51aa0f7f7b9ea0f3e6c3c73202ce1502020e
35,BAT_3C_382,Powerlaw,bat_cutoff_scan,-2.02,800.0,20,20,0,complete,0.6486304998397827,1.8361987497903702,ok,2.1869393595355864,1.4788304025599373,25.0,60.0,3.0,20260919,20,bdebfd28993eaf5b5cf3aa5f97cf51aa0f7f7b9ea0f3e6c3c73202ce1502020e
35,BAT_3C_382,Powerlaw,bat_cutoff_scan,-2.02,900.0,20,20,0,complete,0.42585206031799316,1.8311800809490986,ok,1.427975853883561,1.1949794365944382,25.0,60.0,3.0,20260919,20,bdebfd28993eaf5b5cf3aa5f97cf51aa0f7f7b9ea0f3e6c3c73202ce1502020e
35,BAT_3C_382,Powerlaw,bat_cutoff_scan,-2.02,1000.0,20,20,0,complete,1.8829914331436157,1.8267971810766483,ok,6.283896303296979,2.506770093825315,25.0,60.0,3.0,20260919,20,bdebfd28993eaf5b5cf3aa5f97cf51aa0f7f7b9ea0f3e6c3c73202ce1502020e
36,NGC_526A,Powerlaw,bat_cutoff_scan,-1.87,100.0,20,20,0,complete,0.0,1.5555536087069963,ok,0.0,0.0,25.0,60.0,3.0,20260919,20,bdebfd28993eaf5b5cf3aa5f97cf51aa0f7f7b9ea0f3e6c3c73202ce1502020e
36,NGC_526A,Powerlaw,bat_cutoff_scan,-1.87,200.0,20,20,0,complete,1.1584792137145996,1.5346922454993435,ok,2.7285432565782815,1.65183027474928,25.0,60.0,3.0,20260919,20,bdebfd28993eaf5b5cf3aa5f97cf51aa0f7f7b9ea0f3e6c3c73202ce1502020e
36,NGC_526A,Powerlaw,bat_cutoff_scan,-1.87,300.0,20,20,0,complete,1.3269497156143188,1.5192863403669685,ok,3.0629064478250037,1.7501161240971994,25.0,60.0,3.0,20260919,20,bdebfd28993eaf5b5cf3aa5f97cf51aa0f7f7b9ea0f3e6c3c73202ce1502020e
36,NGC_526A,Powerlaw,bat_cutoff_scan,-1.87,400.0,20,19,1,inconclusive_fit_failures,1.2328226566314697,1.5075000039983155,ok,,,25.0,60.0,3.0,20260919,20,bdebfd28993eaf5b5cf3aa5f97cf51aa0f7f7b9ea0f3e6c3c73202ce1502020e
36,NGC_526A,Powerlaw,bat_cutoff_scan,-1.87,500.0,20,19,1,inconclusive_fit_failures,1.3938374519348145,1.4981570127495631,ok,,,25.0,60.0,3.0,20260919,20,bdebfd28993eaf5b5cf3aa5f97cf51aa0f7f7b9ea0f3e6c3c73202ce1502020e
36,NGC_526A,Powerlaw,bat_cutoff_scan,-1.87,600.0,20,18,2,inconclusive_fit_failures,0.9728778600692749,1.4905369870482996,ok,,,25.0,60.0,3.0,20260919,20,bdebfd28993eaf5b5cf3aa5f97cf51aa0f7f7b9ea0f3e6c3c73202ce1502020e
36,NGC_526A,Powerlaw,bat_cutoff_scan,-1.87,700.0,20,18,2,inconclusive_fit_failures,2.48038911819458,1.4841809818677698,ok,,,25.0,60.0,3.0,20260919,20,bdebfd28993eaf5b5cf3aa5f97cf51aa0f7f7b9ea0f3e6c3c73202ce1502020e
36,NGC_526A,Powerlaw,bat_cutoff_scan,-1.87,800.0,20,20,0,complete,2.856160283088684,1.478783059810819,ok,6.245849416232952,2.4991697453820443,25.0,60.0,3.0,20260919,20,bdebfd28993eaf5b5cf3aa5f97cf51aa0f7f7b9ea0f3e6c3c73202ce1502020e
36,NGC_526A,Powerlaw,bat_cutoff_scan,-1.87,900.0,20,20,0,complete,2.585193634033203,1.474130986897245,ok,5.617786479273425,2.370187013565264,25.0,60.0,3.0,20260919,20,bdebfd28993eaf5b5cf3aa5f97cf51aa0f7f7b9ea0f3e6c3c73202ce1502020e
36,NGC_526A,Powerlaw,bat_cutoff_scan,-1.87,1000.0,20,20,0,complete,1.3338828086853027,1.4700725061835322,ok,2.8826717096705954,1.6978432523853888,25.0,60.0,3.0,20260919,20,bdebfd28993eaf5b5cf3aa5f97cf51aa0f7f7b9ea0f3e6c3c73202ce1502020e
37,NGC_3281,Cutoff_powerlaw,balokovic_fixed,-1.25,70.00000000000001,20,18,2,inconclusive_fit_failures,0.33300507068634033,1.6840279237063538,ok,,,25.0,60.0,3.0,20260919,20,bdebfd28993eaf5b5cf3aa5f97cf51aa0f7f7b9ea0f3e6c3c73202ce1502020e
38,NGC_5252,Cutoff_powerlaw,balokovic_fixed,-1.67,330.00000000000006,20,20,0,complete,2.1271157264709473,1.9564625646709282,ok,8.142058217830545,2.853429203227328,25.0,60.0,3.0,20260919,20,bdebfd28993eaf5b5cf3aa5f97cf51aa0f7f7b9ea0f3e6c3c73202ce1502020e
39,NGC_7582,Cutoff_powerlaw,balokovic_fixed,-1.7,200.00000000000003,20,20,0,complete,0.29711484909057617,1.6471782612688557,ok,0.8061308867647438,0.8978479196193215,25.0,60.0,3.0,20260919,20,bdebfd28993eaf5b5cf3aa5f97cf51aa0f7f7b9ea0f3e6c3c73202ce1502020e
40,NGC_4593,Powerlaw,bat_cutoff_scan,-1.83,100.0,20,19,1,inconclusive_fit_failures,0.14033937454223633,1.915069035072932,ok,,,25.0,60.0,3.0,20260919,20,bdebfd28993eaf5b5cf3aa5f97cf51aa0f7f7b9ea0f3e6c3c73202ce1502020e
40,NGC_4593,Powerlaw,bat_cutoff_scan,-1.83,200.0,20,18,2,inconclusive_fit_failures,0.04203987121582031,1.899125916164668,ok,,,25.0,60.0,3.0,20260919,20,bdebfd28993eaf5b5cf3aa5f97cf51aa0f7f7b9ea0f3e6c3c73202ce1502020e
40,NGC_4593,Powerlaw,bat_cutoff_scan,-1.83,300.0,20,19,1,inconclusive_fit_failures,1.4458160400390625,1.8865592474827775,ok,,,25.0,60.0,3.0,20260919,20,bdebfd28993eaf5b5cf3aa5f97cf51aa0f7f7b9ea0f3e6c3c73202ce1502020e
40,NGC_4593,Powerlaw,bat_cutoff_scan,-1.83,400.0,20,20,0,complete,0.7011770009994507,1.8765527261677284,ok,2.46915984418861,1.5713560526464427,25.0,60.0,3.0,20260919,20,bdebfd28993eaf5b5cf3aa5f97cf51aa0f7f7b9ea0f3e6c3c73202ce1502020e
40,NGC_4593,Powerlaw,bat_cutoff_scan,-1.83,500.0,20,20,0,complete,0.8025374412536621,1.8684005030817812,ok,2.8015943574704982,1.673796390685109,25.0,60.0,3.0,20260919,20,bdebfd28993eaf5b5cf3aa5f97cf51aa0f7f7b9ea0f3e6c3c73202ce1502020e
40,NGC_4593,Powerlaw,bat_cutoff_scan,-1.83,600.0,20,20,0,complete,2.725388526916504,1.8616164733113387,ok,9.445149795400766,3.0732962427011112,25.0,60.0,3.0,20260919,20,bdebfd28993eaf5b5cf3aa5f97cf51aa0f7f7b9ea0f3e6c3c73202ce1502020e
40,NGC_4593,Powerlaw,bat_cutoff_scan,-1.83,700.0,20,20,0,complete,0.4491826295852661,1.855869096685183,ok,1.5470973186780055,1.2438236686435926,25.0,60.0,3.0,20260919,20,bdebfd28993eaf5b5cf3aa5f97cf51aa0f7f7b9ea0f3e6c3c73202ce1502020e
40,NGC_4593,Powerlaw,bat_cutoff_scan,-1.83,800.0,20,20,0,complete,1.5795694589614868,1.850926886883863,ok,5.41149493452484,2.3262620090017463,25.0,60.0,3.0,20260919,20,bdebfd28993eaf5b5cf3aa5f97cf51aa0f7f7b9ea0f3e6c3c73202ce1502020e
40,NGC_4593,Powerlaw,bat_cutoff_scan,-1.83,900.0,20,18,2,inconclusive_fit_failures,1.886680006980896,1.8466236787165482,ok,,,25.0,60.0,3.0,20260919,20,bdebfd28993eaf5b5cf3aa5f97cf51aa0f7f7b9ea0f3e6c3c73202ce1502020e
40,NGC_4593,Powerlaw,bat_cutoff_scan,-1.83,1000.0,20,20,0,complete,2.744127869606018,1.8428370649113424,ok,9.319191192170564,3.052735034714045,25.0,60.0,3.0,20260919,20,bdebfd28993eaf5b5cf3aa5f97cf51aa0f7f7b9ea0f3e6c3c73202ce1502020e
41,ESO_506_G027,Powerlaw,bat_cutoff_scan,-1.65,100.0,20,20,0,complete,0.4991651773452759,1.9054132726832662,ok,1.8122689629458257,1.3462053940412755,25.0,60.0,3.0,20260919,20,bdebfd28993eaf5b5cf3aa5f97cf51aa0f7f7b9ea0f3e6c3c73202ce1502020e
41,ESO_506_G027,Powerlaw,bat_cutoff_scan,-1.65,200.0,20,20,0,complete,0.8144593238830566,1.8844521027910397,ok,2.892275150834335,1.7006690303625613,25.0,60.0,3.0,20260919,20,bdebfd28993eaf5b5cf3aa5f97cf51aa0f7f7b9ea0f3e6c3c73202ce1502020e
41,ESO_506_G027,Powerlaw,bat_cutoff_scan,-1.65,300.0,20,20,0,complete,1.3491355180740356,1.867870767901533,ok,4.7070545009214575,2.169574728125643,25.0,60.0,3.0,20260919,20,bdebfd28993eaf5b5cf3aa5f97cf51aa0f7f7b9ea0f3e6c3c73202ce1502020e
41,ESO_506_G027,Powerlaw,bat_cutoff_scan,-1.65,400.0,20,17,3,inconclusive_fit_failures,1.105806589126587,1.8545806224420074,ok,,,25.0,60.0,3.0,20260919,20,bdebfd28993eaf5b5cf3aa5f97cf51aa0f7f7b9ea0f3e6c3c73202ce1502020e
41,ESO_506_G027,Powerlaw,bat_cutoff_scan,-1.65,500.0,20,19,1,inconclusive_fit_failures,1.8459289073944092,1.8436889494261801,ok,,,25.0,60.0,3.0,20260919,20,bdebfd28993eaf5b5cf3aa5f97cf51aa0f7f7b9ea0f3e6c3c73202ce1502020e
41,ESO_506_G027,Powerlaw,bat_cutoff_scan,-1.65,600.0,20,18,2,inconclusive_fit_failures,2.0746610164642334,1.834579151076565,ok,,,25.0,60.0,3.0,20260919,20,bdebfd28993eaf5b5cf3aa5f97cf51aa0f7f7b9ea0f3e6c3c73202ce1502020e
41,ESO_506_G027,Powerlaw,bat_cutoff_scan,-1.65,700.0,20,20,0,complete,1.8537110090255737,1.8268275871721655,ok,6.186387958352002,2.4872450539406046,25.0,60.0,3.0,20260919,20,bdebfd28993eaf5b5cf3aa5f97cf51aa0f7f7b9ea0f3e6c3c73202ce1502020e
41,ESO_506_G027,Powerlaw,bat_cutoff_scan,-1.65,800.0,20,20,0,complete,1.3123375177383423,1.8201363841929894,ok,4.347638312986376,2.0850991134683206,25.0,60.0,3.0,20260919,20,bdebfd28993eaf5b5cf3aa5f97cf51aa0f7f7b9ea0f3e6c3c73202ce1502020e
41,ESO_506_G027,Powerlaw,bat_cutoff_scan,-1.65,900.0,20,18,2,inconclusive_fit_failures,2.225644826889038,1.8142904257237227,ok,,,25.0,60.0,3.0,20260919,20,bdebfd28993eaf5b5cf3aa5f97cf51aa0f7f7b9ea0f3e6c3c73202ce1502020e
41,ESO_506_G027,Powerlaw,bat_cutoff_scan,-1.65,1000.0,20,20,0,complete,2.084924817085266,1.8091304288890968,ok,6.823860744567687,2.6122520446097246,25.0,60.0,3.0,20260919,20,bdebfd28993eaf5b5cf3aa5f97cf51aa0f7f7b9ea0f3e6c3c73202ce1502020e
42,NGC_6814,Powerlaw,bat_cutoff_scan,-1.95,100.0,20,20,0,complete,0.18104588985443115,1.738429583857131,ok,0.547145558109556,0.7396928809374578,25.0,60.0,3.0,20260919,20,bdebfd28993eaf5b5cf3aa5f97cf51aa0f7f7b9ea0f3e6c3c73202ce1502020e
42,NGC_6814,Powerlaw,bat_cutoff_scan,-1.95,200.0,20,19,1,inconclusive_fit_failures,0.5787210464477539,1.7283071414096733,ok,,,25.0,60.0,3.0,20260919,20,bdebfd28993eaf5b5cf3aa5f97cf51aa0f7f7b9ea0f3e6c3c73202ce1502020e
42,NGC_6814,Powerlaw,bat_cutoff_scan,-1.95,300.0,20,20,0,complete,0.7956763505935669,1.7205952019083035,ok,2.355558340479531,1.5347828316994985,25.0,60.0,3.0,20260919,20,bdebfd28993eaf5b5cf3aa5f97cf51aa0f7f7b9ea0f3e6c3c73202ce1502020e
42,NGC_6814,Powerlaw,bat_cutoff_scan,-1.95,400.0,20,19,1,inconclusive_fit_failures,1.6779379844665527,1.7145709354284933,ok,,,25.0,60.0,3.0,20260919,20,bdebfd28993eaf5b5cf3aa5f97cf51aa0f7f7b9ea0f3e6c3c73202ce1502020e
42,NGC_6814,Powerlaw,bat_cutoff_scan,-1.95,500.0,20,20,0,complete,0.7095613479614258,1.7097240420634754,ok,2.0741587245369364,1.4401939885088177,25.0,60.0,3.0,20260919,20,bdebfd28993eaf5b5cf3aa5f97cf51aa0f7f7b9ea0f3e6c3c73202ce1502020e
42,NGC_6814,Powerlaw,bat_cutoff_scan,-1.95,600.0,20,20,0,complete,0.6368473768234253,1.7057265968729454,ok,1.8529094956050156,1.3612161825386206,25.0,60.0,3.0,20260919,20,bdebfd28993eaf5b5cf3aa5f97cf51aa0f7f7b9ea0f3e6c3c73202ce1502020e
42,NGC_6814,Powerlaw,bat_cutoff_scan,-1.95,700.0,20,20,0,complete,1.1648658514022827,1.7023630582534575,ok,3.375827811153837,1.837342594932648,25.0,60.0,3.0,20260919,20,bdebfd28993eaf5b5cf3aa5f97cf51aa0f7f7b9ea0f3e6c3c73202ce1502020e
42,NGC_6814,Powerlaw,bat_cutoff_scan,-1.95,800.0,20,19,1,inconclusive_fit_failures,0.4140300750732422,1.6994864465491835,ok,,,25.0,60.0,3.0,20260919,20,bdebfd28993eaf5b5cf3aa5f97cf51aa0f7f7b9ea0f3e6c3c73202ce1502020e
42,NGC_6814,Powerlaw,bat_cutoff_scan,-1.95,900.0,20,20,0,complete,0.5255048274993896,1.6969929958870043,ok,1.5133410395224893,1.2301792712944277,25.0,60.0,3.0,20260919,20,bdebfd28993eaf5b5cf3aa5f97cf51aa0f7f7b9ea0f3e6c3c73202ce1502020e
42,NGC_6814,Powerlaw,bat_cutoff_scan,-1.95,1000.0,20,19,1,inconclusive_fit_failures,1.1970958709716797,1.694807208321504,ok,,,25.0,60.0,3.0,20260919,20,bdebfd28993eaf5b5cf3aa5f97cf51aa0f7f7b9ea0f3e6c3c73202ce1502020e
43,MCG_04_48_002,Powerlaw,bat_cutoff_scan,-1.71,100.0,20,19,1,inconclusive_fit_failures,0.17424774169921875,1.6628764822111703,ok,,,25.0,60.0,3.0,20260919,20,bdebfd28993eaf5b5cf3aa5f97cf51aa0f7f7b9ea0f3e6c3c73202ce1502020e
43,MCG_04_48_002,Powerlaw,bat_cutoff_scan,-1.71,200.0,20,20,0,complete,0.2919539213180542,1.651433783732339,ok,0.7962265269523566,0.8923152620864201,25.0,60.0,3.0,20260919,20,bdebfd28993eaf5b5cf3aa5f97cf51aa0f7f7b9ea0f3e6c3c73202ce1502020e
43,MCG_04_48_002,Powerlaw,bat_cutoff_scan,-1.71,300.0,20,20,0,complete,0.4574488401412964,1.6426435957074774,ok,1.2343241334820179,1.1110014102070338,25.0,60.0,3.0,20260919,20,bdebfd28993eaf5b5cf3aa5f97cf51aa0f7f7b9ea0f3e6c3c73202ce1502020e
43,MCG_04_48_002,Powerlaw,bat_cutoff_scan,-1.71,400.0,20,19,1,inconclusive_fit_failures,1.914423942565918,1.6357164802854751,ok,,,25.0,60.0,3.0,20260919,20,bdebfd28993eaf5b5cf3aa5f97cf51aa0f7f7b9ea0f3e6c3c73202ce1502020e
43,MCG_04_48_002,Powerlaw,bat_cutoff_scan,-1.71,500.0,20,17,3,inconclusive_fit_failures,1.5648133754730225,1.6300998749230886,ok,,,25.0,60.0,3.0,20260919,20,bdebfd28993eaf5b5cf3aa5f97cf51aa0f7f7b9ea0f3e6c3c73202ce1502020e
43,MCG_04_48_002,Powerlaw,bat_cutoff_scan,-1.71,600.0,20,20,0,complete,2.753211259841919,1.6254362842888386,ok,7.274102851230956,2.6970544768749027,25.0,60.0,3.0,20260919,20,bdebfd28993eaf5b5cf3aa5f97cf51aa0f7f7b9ea0f3e6c3c73202ce1502020e
43,MCG_04_48_002,Powerlaw,bat_cutoff_scan,-1.71,700.0,20,19,1,inconclusive_fit_failures,1.7273995876312256,1.6214889012850289,ok,,,25.0,60.0,3.0,20260919,20,bdebfd28993eaf5b5cf3aa5f97cf51aa0f7f7b9ea0f3e6c3c73202ce1502020e
43,MCG_04_48_002,Powerlaw,bat_cutoff_scan,-1.71,800.0,20,17,3,inconclusive_fit_failures,3.63108229637146,1.6180950796773272,ok,,,25.0,60.0,3.0,20260919,20,bdebfd28993eaf5b5cf3aa5f97cf51aa0f7f7b9ea0f3e6c3c73202ce1502020e
43,MCG_04_48_002,Powerlaw,bat_cutoff_scan,-1.71,900.0,20,19,1,inconclusive_fit_failures,1.908890724182129,1.6151392554426252,ok,,,25.0,60.0,3.0,20260919,20,bdebfd28993eaf5b5cf3aa5f97cf51aa0f7f7b9ea0f3e6c3c73202ce1502020e
43,MCG_04_48_002,Powerlaw,bat_cutoff_scan,-1.71,1000.0,20,20,0,complete,2.023353338241577,1.6125368688918558,ok,5.261275412252784,2.2937470244673417,25.0,60.0,3.0,20260919,20,bdebfd28993eaf5b5cf3aa5f97cf51aa0f7f7b9ea0f3e6c3c73202ce1502020e
44,NGC_7469,Powerlaw,bat_cutoff_scan,-2.09,100.0,20,19,1,inconclusive_fit_failures,0.034392356872558594,1.4844783889049527,ok,,,25.0,60.0,3.0,20260919,20,bdebfd28993eaf5b5cf3aa5f97cf51aa0f7f7b9ea0f3e6c3c73202ce1502020e
44,NGC_7469,Powerlaw,bat_cutoff_scan,-2.09,200.0,20,20,0,complete,0.7222700119018555,1.4784134199019814,ok,1.5786700720844078,1.2564513807085445,25.0,60.0,3.0,20260919,20,bdebfd28993eaf5b5cf3aa5f97cf51aa0f7f7b9ea0f3e6c3c73202ce1502020e
44,NGC_7469,Powerlaw,bat_cutoff_scan,-2.09,300.0,20,19,1,inconclusive_fit_failures,0.7026021480560303,1.4739369880824884,ok,,,25.0,60.0,3.0,20260919,20,bdebfd28993eaf5b5cf3aa5f97cf51aa0f7f7b9ea0f3e6c3c73202ce1502020e
44,NGC_7469,Powerlaw,bat_cutoff_scan,-2.09,400.0,20,20,0,complete,1.3086751699447632,1.4704854837054409,ok,2.829784384165011,1.682196297750358,25.0,60.0,3.0,20260919,20,bdebfd28993eaf5b5cf3aa5f97cf51aa0f7f7b9ea0f3e6c3c73202ce1502020e
44,NGC_7469,Powerlaw,bat_cutoff_scan,-2.09,500.0,20,18,2,inconclusive_fit_failures,0.23818516731262207,1.4677293091730637,ok,,,25.0,60.0,3.0,20260919,20,bdebfd28993eaf5b5cf3aa5f97cf51aa0f7f7b9ea0f3e6c3c73202ce1502020e
44,NGC_7469,Powerlaw,bat_cutoff_scan,-2.09,600.0,20,20,0,complete,0.9348270893096924,1.4654679952688283,ok,2.0076313338381837,1.4169090774775155,25.0,60.0,3.0,20260919,20,bdebfd28993eaf5b5cf3aa5f97cf51aa0f7f7b9ea0f3e6c3c73202ce1502020e
44,NGC_7469,Powerlaw,bat_cutoff_scan,-2.09,700.0,20,20,0,complete,0.29443418979644775,1.4635729317756514,ok,0.6306914980261801,0.7941608766655407,25.0,60.0,3.0,20260919,20,bdebfd28993eaf5b5cf3aa5f97cf51aa0f7f7b9ea0f3e6c3c73202ce1502020e
44,NGC_7469,Powerlaw,bat_cutoff_scan,-2.09,800.0,20,20,0,complete,1.2922499179840088,1.4619575889333465,ok,2.7619515841605686,1.6619120266008574,25.0,60.0,3.0,20260919,20,bdebfd28993eaf5b5cf3aa5f97cf51aa0f7f7b9ea0f3e6c3c73202ce1502020e
44,NGC_7469,Powerlaw,bat_cutoff_scan,-2.09,900.0,20,20,0,complete,1.309224009513855,1.4605614008587813,ok,2.7928885098002465,1.671193737961056,25.0,60.0,3.0,20260919,20,bdebfd28993eaf5b5cf3aa5f97cf51aa0f7f7b9ea0f3e6c3c73202ce1502020e
44,NGC_7469,Powerlaw,bat_cutoff_scan,-2.09,1000.0,20,19,1,inconclusive_fit_failures,1.0018508434295654,1.45934056760288,ok,,,25.0,60.0,3.0,20260919,20,bdebfd28993eaf5b5cf3aa5f97cf51aa0f7f7b9ea0f3e6c3c73202ce1502020e
45,Ark_120,Powerlaw,bat_cutoff_scan,-2.1,100.0,20,19,1,inconclusive_fit_failures,0.09738659858703613,1.4826875131452428,ok,,,25.0,60.0,3.0,20260919,20,bdebfd28993eaf5b5cf3aa5f97cf51aa0f7f7b9ea0f3e6c3c73202ce1502020e
45,Ark_120,Powerlaw,bat_cutoff_scan,-2.1,200.0,20,20,0,complete,0.19527065753936768,1.4738753970440137,ok,0.4241881454959745,0.6512972788949563,25.0,60.0,3.0,20260919,20,bdebfd28993eaf5b5cf3aa5f97cf51aa0f7f7b9ea0f3e6c3c73202ce1502020e
45,Ark_120,Powerlaw,bat_cutoff_scan,-2.1,300.0,20,19,1,inconclusive_fit_failures,0.471036434173584,1.467342791580236,ok,,,25.0,60.0,3.0,20260919,20,bdebfd28993eaf5b5cf3aa5f97cf51aa0f7f7b9ea0f3e6c3c73202ce1502020e
45,Ark_120,Powerlaw,bat_cutoff_scan,-2.1,400.0,20,20,0,complete,0.35580480098724365,1.4623179709006702,ok,0.7608436814307457,0.8722635389781839,25.0,60.0,3.0,20260919,20,bdebfd28993eaf5b5cf3aa5f97cf51aa0f7f7b9ea0f3e6c3c73202ce1502020e
45,Ark_120,Powerlaw,bat_cutoff_scan,-2.1,500.0,20,20,0,complete,1.3184349536895752,1.4583186326703759,ok,2.8039066959996517,1.6744869948732513,25.0,60.0,3.0,20260919,20,bdebfd28993eaf5b5cf3aa5f97cf51aa0f7f7b9ea0f3e6c3c73202ce1502020e
45,Ark_120,Powerlaw,bat_cutoff_scan,-2.1,600.0,20,20,0,complete,0.7754958868026733,1.4550475663547247,ok,1.6418515241742317,1.2813475423062362,25.0,60.0,3.0,20260919,20,bdebfd28993eaf5b5cf3aa5f97cf51aa0f7f7b9ea0f3e6c3c73202ce1502020e
45,Ark_120,Powerlaw,bat_cutoff_scan,-2.1,700.0,20,20,0,complete,1.4752037525177002,1.4523138257151582,ok,3.11152254429399,1.7639508338652723,25.0,60.0,3.0,20260919,20,bdebfd28993eaf5b5cf3aa5f97cf51aa0f7f7b9ea0f3e6c3c73202ce1502020e
45,Ark_120,Powerlaw,bat_cutoff_scan,-2.1,800.0,20,20,0,complete,0.4163018465042114,1.4499891743822402,ok,0.87526156282237,0.935554147456132,25.0,60.0,3.0,20260919,20,bdebfd28993eaf5b5cf3aa5f97cf51aa0f7f7b9ea0f3e6c3c73202ce1502020e
45,Ark_120,Powerlaw,bat_cutoff_scan,-2.1,900.0,20,20,0,complete,0.37689077854156494,1.4479841003369072,ok,0.7902110489306721,0.8889381581025038,25.0,60.0,3.0,20260919,20,bdebfd28993eaf5b5cf3aa5f97cf51aa0f7f7b9ea0f3e6c3c73202ce1502020e
45,Ark_120,Powerlaw,bat_cutoff_scan,-2.1,1000.0,20,20,0,complete,1.86416757106781,1.4462340585977822,ok,3.8990797534551023,1.9746087595914037,25.0,60.0,3.0,20260919,20,bdebfd28993eaf5b5cf3aa5f97cf51aa0f7f7b9ea0f3e6c3c73202ce1502020e
